,location,month,year,tvm,pvm,pfvm,tvcm,pvcm,pfvcm,state,date_x
0,Alabama,1,2021,3.4899999999999998,3.01,0.44999999999999996,3.4899999999999998,3.01,0.44999999999999996,AL,20210101
2,Alabama,2,2021,17.02,12.860000000000001,4.279999999999999,20.509999999999998,15.870000000000001,4.7299999999999995,AL,20210201
4,Alabama,3,2021,41.57999999999999,27.469999999999995,15.610000000000001,62.08999999999999,43.339999999999996,20.34,AL,20210301
6,Alabama,4,2021,65.96,42.64,26.930000000000003,128.04999999999998,85.97999999999999,47.27,AL,20210401
8,Alabama,5,2021,85.49,50.730000000000004,39.63,213.53999999999996,136.70999999999998,86.9,AL,20210501
10,Alabama,6,2021,95.31,55.559999999999995,45.370000000000005,308.84999999999997,192.26999999999998,132.27,AL,20210601
12,Alabama,7,2021,103.83,60.629999999999995,49.359999999999985,412.67999999999995,252.89999999999998,181.63,AL,20210701
14,Alabama,8,2021,118.83999999999997,70.89999999999999,54.480000000000004,531.52,323.79999999999995,236.11,AL,20210801
15,Alabama,9,2021,117.71999999999998,68.22999999999999,53.95999999999998,649.24,392.03,290.07,AL,20210901
16,Alabama,10,2021,136.21999999999997,76.22000000000001,62.359999999999985,785.46,468.25,352.42999999999995,AL,20211001
17,Alabama,11,2021,126.14,67.91999999999999,55.660000000000004,911.6,536.17,408.09,AL,20211101
18,Alabama,12,2021,147.02,76.27000000000001,62.13000000000001,1058.6200000000001,612.4399999999999,470.21999999999997,AL,20211201
1,Alabama,1,2022,151.45999999999995,76.55000000000001,62.02,1210.0800000000002,688.99,532.24,AL,20220101
3,Alabama,2,2022,150.75,75.45000000000002,61.120000000000026,1360.8300000000002,764.44,593.36,AL,20220201
5,Alabama,3,2022,190.17000000000002,94.40999999999995,76.72999999999998,1551.0000000000002,858.85,670.09,AL,20220301
7,Alabama,4,2022,167.95999999999995,82.72999999999996,67.35000000000002,1718.9600000000003,941.5799999999999,737.44,AL,20220401
9,Alabama,5,2022,170.54999999999998,83.23,67.85,1889.5100000000002,1024.81,805.2900000000001,AL,20220501
11,Alabama,6,2022,108.60000000000002,52.580000000000005,42.910000000000004,1998.1100000000001,1077.3899999999999,848.2,AL,20220601
13,Alabama,7,2022,6.42,3.11,2.53,2004.5300000000002,1080.4999999999998,850.73,AL,20220701
19,Alaska,1,2021,1.4000000000000004,1.1199999999999999,0.24999999999999994,1.4000000000000004,1.1199999999999999,0.24999999999999994,AK,20210101
21,Alaska,2,2021,5.08,3.47,1.6100000000000005,6.48,4.59,1.8600000000000005,AK,20210201
23,Alaska,3,2021,10.540000000000001,6.460000000000003,4.11,17.020000000000003,11.050000000000002,5.970000000000001,AK,20210301
25,Alaska,4,2021,14.709999999999994,8.42,6.54,31.729999999999997,19.470000000000002,12.510000000000002,AK,20210401
27,Alaska,5,2021,17.549999999999997,9.63,8.240000000000004,49.279999999999994,29.1,20.750000000000007,AK,20210501
29,Alaska,6,2021,18.990000000000006,10.419999999999993,9.019999999999998,68.27,39.519999999999996,29.770000000000003,AK,20210601
31,Alaska,7,2021,17.789999999999992,9.610000000000003,8.49,86.05999999999999,49.129999999999995,38.260000000000005,AK,20210701
33,Alaska,8,2021,22.070000000000007,11.970000000000002,10.509999999999996,108.13,61.099999999999994,48.77,AK,20210801
34,Alaska,9,2021,21.369999999999997,11.5,10.0,129.5,72.6,58.77,AK,20210901
35,Alaska,10,2021,24.140000000000008,12.359999999999996,10.950000000000005,153.64000000000001,84.96,69.72000000000001,AK,20211001
36,Alaska,11,2021,22.880000000000006,11.160000000000002,9.78,176.52,96.11999999999999,79.50000000000001,AK,20211101
37,Alaska,12,2021,26.880000000000006,12.660000000000004,10.97,203.4,108.78,90.47000000000001,AK,20211201
20,Alaska,1,2022,24.129999999999995,11.180000000000003,9.669999999999998,227.53,119.96000000000001,100.14000000000001,AK,20220101
22,Alaska,2,2022,24.800000000000004,11.5,10.18,252.33,131.46,110.32000000000002,AK,20220201
24,Alaska,3,2022,34.33999999999999,15.629999999999997,13.949999999999992,286.67,147.09,124.27000000000001,AK,20220301
26,Alaska,4,2022,30.52,13.769999999999996,12.220000000000006,317.19,160.86,136.49,AK,20220401
28,Alaska,5,2022,20.830000000000002,9.179999999999998,8.280000000000001,338.02,170.04000000000002,144.77,AK,20220501
30,Alaska,6,2022,1.17,0.52,0.46,339.19,170.56000000000003,145.23000000000002,AK,20220601
32,Alaska,7,2022,1.18,0.52,0.46,340.37,171.08000000000004,145.69000000000003,AK,20220701
57,Arizona,1,2021,6.050000000000001,5.140000000000001,0.83,6.050000000000001,5.140000000000001,0.83,AZ,20210101
59,Arizona,2,2021,29.280000000000005,22.150000000000002,6.81,35.330000000000005,27.290000000000003,7.64,AZ,20210201
61,Arizona,3,2021,81.63,51.60000000000001,28.259999999999994,116.96000000000001,78.89000000000001,35.89999999999999,AZ,20210301
63,Arizona,4,2021,130.01999999999998,78.74000000000001,50.8,246.98,157.63000000000002,86.69999999999999,AZ,20210401
65,Arizona,5,2021,166.74,95.1,72.05000000000001,413.72,252.73000000000002,158.75,AZ,20210501
67,Arizona,6,2021,187.27999999999997,104.95,83.38000000000002,601.0,357.68,242.13000000000002,AZ,20210601
69,Arizona,7,2021,208.05999999999997,112.91999999999999,96.76000000000002,809.06,470.6,338.89000000000004,AZ,20210701
71,Arizona,8,2021,227.35000000000005,124.04999999999998,104.91000000000001,1036.41,594.65,443.80000000000007,AZ,20210801
72,Arizona,9,2021,224.38000000000002,118.77000000000001,101.83,1260.7900000000002,713.42,545.6300000000001,AZ,20210901
73,Arizona,10,2021,238.17,122.93000000000002,106.32,1498.9600000000003,836.35,651.95,AZ,20211001
74,Arizona,11,2021,229.13000000000005,113.77000000000001,98.02,1728.0900000000004,950.12,749.97,AZ,20211101
75,Arizona,12,2021,271.95,129.49,110.0,2000.0400000000004,1079.6100000000001,859.97,AZ,20211201
58,Arizona,1,2022,283.64,130.56999999999996,109.93000000000002,2283.6800000000003,1210.18,969.9000000000001,AZ,20220101
60,Arizona,2,2022,284.45,129.0,108.28999999999999,2568.13,1339.18,1078.19,AZ,20220201
62,Arizona,3,2022,361.5,162.22999999999996,136.58000000000004,2929.63,1501.41,1214.77,AZ,20220301
64,Arizona,4,2022,322.54999999999995,142.76,120.35000000000002,3252.1800000000003,1644.17,1335.12,AZ,20220401
66,Arizona,5,2022,330.80999999999995,144.05000000000004,121.39000000000004,3582.9900000000002,1788.22,1456.51,AZ,20220501
68,Arizona,6,2022,224.52,96.72999999999998,81.44000000000001,3807.51,1884.95,1537.95,AZ,20220601
70,Arizona,7,2022,12.63,5.41,4.55,3820.1400000000003,1890.3600000000001,1542.5,AZ,20220701
76,Arkansas,1,2021,3.27,2.7300000000000004,0.51,3.27,2.7300000000000004,0.51,AR,20210101
78,Arkansas,2,2021,12.519999999999998,8.99,3.4500000000000006,15.789999999999997,11.72,3.960000000000001,AR,20210201
80,Arkansas,3,2021,28.19,18.58,9.94,43.98,30.299999999999997,13.9,AR,20210301
82,Arkansas,4,2021,46.0,29.01,18.27,89.97999999999999,59.31,32.17,AR,20210401
84,Arkansas,5,2021,58.5,33.959999999999994,26.060000000000006,148.48,93.27,58.230000000000004,AR,20210501
86,Arkansas,6,2021,64.73,36.89999999999999,29.61000000000001,213.20999999999998,130.17,87.84000000000002,AR,20210601
88,Arkansas,7,2021,69.76,39.8,31.950000000000006,282.96999999999997,169.96999999999997,119.79000000000002,AR,20210701
90,Arkansas,8,2021,81.55000000000001,47.31000000000002,36.35000000000001,364.52,217.27999999999997,156.14000000000004,AR,20210801
91,Arkansas,9,2021,82.0,46.269999999999996,37.230000000000004,446.52,263.54999999999995,193.37000000000006,AR,20210901
92,Arkansas,10,2021,90.96000000000001,49.74000000000001,41.03000000000001,537.48,313.28999999999996,234.40000000000006,AR,20211001
93,Arkansas,11,2021,84.66999999999999,44.620000000000005,36.709999999999994,622.15,357.90999999999997,271.11000000000007,AR,20211101
94,Arkansas,12,2021,99.18000000000002,50.23,41.03,721.33,408.14,312.1400000000001,AR,20211201
77,Arkansas,1,2022,102.16,50.30000000000001,40.87000000000001,823.49,458.44,353.0100000000001,AR,20220101
79,Arkansas,2,2022,101.16999999999999,49.31999999999997,40.08,924.66,507.76,393.0900000000001,AR,20220201
81,Arkansas,3,2022,127.49,61.730000000000004,50.33000000000004,1052.1499999999999,569.49,443.42000000000013,AR,20220301
83,Arkansas,4,2022,113.00999999999998,54.09999999999998,44.13999999999999,1165.1599999999999,623.59,487.5600000000001,AR,20220401
85,Arkansas,5,2022,115.32,54.46000000000003,44.46999999999998,1280.4799999999998,678.0500000000001,532.0300000000001,AR,20220501
87,Arkansas,6,2022,77.82999999999998,36.52,29.82,1358.3099999999997,714.57,561.8500000000001,AR,20220601
89,Arkansas,7,2022,4.36,2.04,1.66,1362.6699999999996,716.61,563.5100000000001,AR,20220701
114,California,1,2021,33.800000000000004,28.029999999999998,5.48,33.800000000000004,28.029999999999998,5.48,CA,20210101
116,California,2,2021,160.81,121.69999999999999,38.03,194.61,149.73,43.510000000000005,CA,20210201
118,California,3,2021,409.9200000000001,275.89,135.27,604.5300000000001,425.62,178.78000000000003,CA,20210301
120,California,4,2021,738.2899999999998,483.12000000000006,276.42999999999995,1342.82,908.74,455.21,CA,20210401
122,California,5,2021,1042.6200000000001,627.9899999999999,445.19000000000017,2385.44,1536.73,900.4000000000001,CA,20210501
124,California,6,2021,1220.2,702.1399999999999,554.47,3605.6400000000003,2238.87,1454.8700000000001,CA,20210601
126,California,7,2021,1319.2400000000002,748.14,610.3800000000001,4924.880000000001,2987.0099999999998,2065.25,CA,20210701
128,California,8,2021,1444.29,820.36,665.61,6369.170000000001,3807.37,2730.86,CA,20210801
129,California,9,2021,1384.33,779.7099999999999,637.2299999999999,7753.500000000001,4587.08,3368.09,CA,20210901
130,California,10,2021,1520.9999999999998,839.2599999999999,690.2399999999999,9274.5,5426.34,4058.33,CA,20211001
131,California,11,2021,1418.8099999999997,755.6099999999999,614.52,10693.31,6181.95,4672.85,CA,20211101
132,California,12,2021,485.3,251.28,201.62,11178.609999999999,6433.23,4874.47,CA,20211201
115,California,1,2022,345.15,158.52,136.25,11523.759999999998,6591.75,5010.72,CA,20220101
117,California,2,2022,1618.92,737.4299999999998,633.63,13142.679999999998,7329.18,5644.35,CA,20220201
119,California,3,2022,1079.6,486.26,419.13,14222.279999999999,7815.4400000000005,6063.4800000000005,CA,20220301
121,California,4,2022,0.0,0.0,0.0,14222.279999999999,7815.4400000000005,6063.4800000000005,CA,20220401
123,California,5,2022,1139.9,488.34000000000003,429.41999999999996,15362.179999999998,8303.78,6492.900000000001,CA,20220501
125,California,6,2022,1234.23,522.4699999999999,459.61000000000007,16596.41,8826.25,6952.51,CA,20220601
127,California,7,2022,77.99,32.85,28.8,16674.4,8859.1,6981.31,CA,20220701
133,Colorado,1,2021,6.330000000000001,5.13,1.13,6.330000000000001,5.13,1.13,CO,20210101
135,Colorado,2,2021,25.910000000000004,17.999999999999996,7.78,32.24,23.129999999999995,8.91,CO,20210201
137,Colorado,3,2021,62.029999999999994,39.589999999999996,22.959999999999997,94.27,62.71999999999999,31.869999999999997,CO,20210301
139,Colorado,4,2021,108.20999999999997,68.36000000000001,42.53,202.47999999999996,131.08,74.4,CO,20210401
141,Colorado,5,2021,152.97000000000003,86.95,69.13,355.45,218.03000000000003,143.53,CO,20210501
143,Colorado,6,2021,177.66,97.20999999999998,84.24000000000001,533.11,315.24,227.77,CO,20210601
145,Colorado,7,2021,190.22999999999996,102.10999999999999,92.08,723.3399999999999,417.35,319.85,CO,20210701
147,Colorado,8,2021,205.92000000000002,110.55,99.30000000000001,929.26,527.9,419.15000000000003,CO,20210801
148,Colorado,9,2021,196.37,104.23,94.0,1125.63,632.13,513.1500000000001,CO,20210901
149,Colorado,10,2021,215.87000000000006,111.29,101.21,1341.5000000000002,743.42,614.3600000000001,CO,20211001
150,Colorado,11,2021,203.75,99.8,89.83000000000003,1545.2500000000002,843.2199999999999,704.1900000000002,CO,20211101
151,Colorado,12,2021,245.44000000000003,113.60000000000002,100.98,1790.6900000000003,956.8199999999999,805.1700000000002,CO,20211201
134,Colorado,1,2022,255.98,114.08999999999999,100.86,2046.6700000000003,1070.9099999999999,906.0300000000002,CO,20220101
136,Colorado,2,2022,254.85999999999999,112.21000000000002,98.98000000000002,2301.53,1183.12,1005.0100000000002,CO,20220201
138,Colorado,3,2022,322.04,140.38000000000002,124.11000000000006,2623.57,1323.5,1129.1200000000003,CO,20220301
140,Colorado,4,2022,285.55999999999995,122.96999999999997,108.82000000000006,2909.13,1446.47,1237.9400000000005,CO,20220401
142,Colorado,5,2022,292.18,123.67,109.45,3201.31,1570.14,1347.3900000000006,CO,20220501
144,Colorado,6,2022,198.36,82.8,73.27,3399.67,1652.94,1420.6600000000005,CO,20220601
146,Colorado,7,2022,11.17,4.63,4.08,3410.84,1657.5700000000002,1424.7400000000005,CO,20220701
152,Connecticut,1,2021,4.99,4.09,0.64,4.99,4.09,0.64,CT,20210101
154,Connecticut,2,2021,18.91,13.41,5.2700000000000005,23.9,17.5,5.91,CT,20210201
156,Connecticut,3,2021,42.890000000000015,28.62,14.66,66.79000000000002,46.120000000000005,20.57,CT,20210301
158,Connecticut,4,2021,78.89000000000001,49.470000000000006,31.919999999999998,145.68000000000004,95.59,52.489999999999995,CT,20210401
160,Connecticut,5,2021,110.17000000000002,63.23,50.49000000000001,255.85000000000005,158.82,102.98,CT,20210501
162,Connecticut,6,2021,127.10000000000001,69.83999999999997,61.36,382.95000000000005,228.65999999999997,164.34,CT,20210601
164,Connecticut,7,2021,135.09,73.17,66.44,518.0400000000001,301.83,230.78,CT,20210701
166,Connecticut,8,2021,145.82,79.36000000000003,71.34999999999998,663.8600000000001,381.19,302.13,CT,20210801
167,Connecticut,9,2021,138.19,74.89999999999998,67.39999999999998,802.0500000000002,456.09,369.53,CT,20210901
168,Connecticut,10,2021,151.49000000000004,80.35,72.20999999999998,953.5400000000002,536.4399999999999,441.73999999999995,CT,20211001
169,Connecticut,11,2021,142.19,72.47999999999999,63.58999999999998,1095.7300000000002,608.92,505.3299999999999,CT,20211101
170,Connecticut,12,2021,170.94000000000003,83.13000000000001,70.81,1266.6700000000003,692.05,576.1399999999999,CT,20211201
153,Connecticut,1,2022,180.59000000000003,84.53000000000002,70.30000000000001,1447.2600000000002,776.5799999999999,646.4399999999998,CT,20220101
155,Connecticut,2,2022,172.89999999999998,79.83999999999999,66.09,1620.1600000000003,856.42,712.5299999999999,CT,20220201
157,Connecticut,3,2022,227.74999999999997,104.23000000000005,86.36000000000004,1847.9100000000003,960.65,798.8899999999999,CT,20220301
159,Connecticut,4,2022,202.60000000000008,91.53000000000003,75.85999999999999,2050.51,1052.18,874.7499999999999,CT,20220401
161,Connecticut,5,2022,207.76000000000002,92.30000000000005,76.49000000000002,2258.2700000000004,1144.48,951.2399999999999,CT,20220501
163,Connecticut,6,2022,140.67999999999998,61.9,51.30000000000001,2398.9500000000003,1206.38,1002.54,CT,20220601
165,Connecticut,7,2022,7.89,3.46,2.86,2406.84,1209.8400000000001,1005.4,CT,20220701
323,Idaho,1,2021,1.3399999999999999,1.1199999999999999,0.19999999999999996,1.3399999999999999,1.1199999999999999,0.19999999999999996,ID,20210101
325,Idaho,2,2021,6.8199999999999985,4.83,1.73,8.159999999999998,5.95,1.93,ID,20210201
327,Idaho,3,2021,17.789999999999996,11.029999999999998,6.66,25.949999999999996,16.979999999999997,8.59,ID,20210301
329,Idaho,4,2021,26.270000000000003,15.519999999999998,11.050000000000002,52.22,32.49999999999999,19.64,ID,20210401
331,Idaho,5,2021,35.05,19.22000000000001,16.280000000000005,87.27,51.72,35.92,ID,20210501
333,Idaho,6,2021,38.480000000000004,20.72999999999999,18.480000000000004,125.75,72.44999999999999,54.400000000000006,ID,20210601
335,Idaho,7,2021,39.14999999999999,20.900000000000006,19.08000000000001,164.89999999999998,93.35,73.48000000000002,ID,20210701
337,Idaho,8,2021,43.83,23.630000000000003,21.159999999999997,208.72999999999996,116.97999999999999,94.64000000000001,ID,20210801
338,Idaho,9,2021,42.45,22.919999999999998,20.259999999999994,251.17999999999995,139.89999999999998,114.9,ID,20210901
339,Idaho,10,2021,47.66999999999999,24.95,22.200000000000003,298.8499999999999,164.84999999999997,137.10000000000002,ID,20211001
340,Idaho,11,2021,45.080000000000005,22.299999999999997,19.930000000000003,343.9299999999999,187.14999999999998,157.03000000000003,ID,20211101
341,Idaho,12,2021,52.980000000000004,24.86,22.080000000000002,396.9099999999999,212.01,179.11000000000004,ID,20211201
324,Idaho,1,2022,55.52999999999999,25.429999999999986,22.399999999999995,452.4399999999999,237.43999999999997,201.51000000000005,ID,20220101
326,Idaho,2,2022,58.51,26.809999999999995,23.54999999999999,510.9499999999999,264.24999999999994,225.06000000000003,ID,20220201
328,Idaho,3,2022,71.47000000000001,32.40999999999998,28.640000000000008,582.4199999999998,296.6599999999999,253.70000000000005,ID,20220301
330,Idaho,4,2022,65.44,29.43,25.95000000000001,647.8599999999999,326.0899999999999,279.65000000000003,ID,20220401
332,Idaho,5,2022,67.40000000000002,29.73,26.469999999999985,715.2599999999999,355.81999999999994,306.12,ID,20220501
334,Idaho,6,2022,45.99000000000001,19.979999999999997,17.93,761.2499999999999,375.79999999999995,324.05,ID,20220601
336,Idaho,7,2022,2.58,1.11,1.0,763.8299999999999,376.90999999999997,325.05,ID,20220701
342,Illinois,1,2021,11.05,8.7,2.11,11.05,8.7,2.11,IL,20210101
344,Illinois,2,2021,50.470000000000006,38.11,11.719999999999999,61.52000000000001,46.81,13.829999999999998,IL,20210201
346,Illinois,3,2021,135.97,90.26000000000002,46.55,197.49,137.07000000000002,60.379999999999995,IL,20210301
348,Illinois,4,2021,226.98000000000002,146.51999999999998,86.94000000000001,424.47,283.59000000000003,147.32,IL,20210401
350,Illinois,5,2021,318.45999999999987,192.52999999999997,136.15,742.9299999999998,476.12,283.47,IL,20210501
352,Illinois,6,2021,369.84000000000003,218.04,163.64000000000001,1112.77,694.16,447.11,IL,20210601
354,Illinois,7,2021,399.57000000000005,231.33,180.51000000000002,1512.3400000000001,925.49,627.62,IL,20210701
356,Illinois,8,2021,350.52,202.55,156.95,1862.8600000000001,1128.04,784.5699999999999,IL,20210801
357,Illinois,9,2021,0.0,0.0,0.0,1862.8600000000001,1128.04,784.5699999999999,IL,20210901
358,Illinois,10,2021,48.34,24.880000000000003,22.93,1911.2,1152.92,807.4999999999999,IL,20211001
359,Illinois,11,2021,202.52,101.24000000000001,92.58,2113.7200000000003,1254.16,900.0799999999999,IL,20211101
360,Illinois,12,2021,318.69999999999993,151.88,135.57,2432.42,1406.04,1035.6499999999999,IL,20211201
343,Illinois,1,2022,350.66999999999996,159.35,140.45999999999995,2783.09,1565.3899999999999,1176.11,IL,20220101
345,Illinois,2,2022,215.81,95.89999999999999,84.86,2998.9,1661.29,1260.9699999999998,IL,20220201
347,Illinois,3,2022,109.20000000000002,48.2,42.87,3108.1,1709.49,1303.8399999999997,IL,20220301
349,Illinois,4,2022,0.0,0.0,0.0,3108.1,1709.49,1303.8399999999997,IL,20220401
351,Illinois,5,2022,0.0,0.0,0.0,3108.1,1709.49,1303.8399999999997,IL,20220501
353,Illinois,6,2022,115.53,48.300000000000004,43.690000000000005,3223.63,1757.79,1347.5299999999997,IL,20220601
355,Illinois,7,2022,23.31,9.68,8.76,3246.94,1767.47,1356.2899999999997,IL,20220701
380,Indiana,1,2021,7.1400000000000015,5.82,1.18,7.1400000000000015,5.82,1.18,IN,20210101
382,Indiana,2,2021,27.91,19.99,7.829999999999999,35.050000000000004,25.81,9.01,IN,20210201
384,Indiana,3,2021,67.96000000000001,41.650000000000006,26.59,103.01000000000002,67.46000000000001,35.6,IN,20210301
386,Indiana,4,2021,105.68,63.86999999999999,44.06,208.69000000000003,131.32999999999998,79.66,IN,20210401
388,Indiana,5,2021,140.63,78.96000000000002,64.22,349.32000000000005,210.29000000000002,143.88,IN,20210501
390,Indiana,6,2021,161.03,87.39999999999998,76.51000000000002,510.35,297.69,220.39000000000001,IN,20210601
392,Indiana,7,2021,177.79999999999998,93.13000000000002,87.27999999999997,688.15,390.82000000000005,307.66999999999996,IN,20210701
394,Indiana,8,2021,193.44,101.69,94.33999999999999,881.5899999999999,492.51000000000005,402.00999999999993,IN,20210801
395,Indiana,9,2021,184.46999999999997,96.77000000000001,89.39999999999999,1066.06,589.2800000000001,491.4099999999999,IN,20210901
396,Indiana,10,2021,202.83,103.57,96.09,1268.8899999999999,692.8500000000001,587.4999999999999,IN,20211001
397,Indiana,11,2021,187.36,91.97999999999998,84.55000000000004,1456.25,784.8300000000002,672.05,IN,20211101
398,Indiana,12,2021,220.56999999999994,103.39,93.40999999999998,1676.82,888.2200000000001,765.4599999999999,IN,20211201
381,Indiana,1,2022,229.24,103.47000000000001,92.24999999999997,1906.06,991.6900000000002,857.7099999999999,IN,20220101
383,Indiana,2,2022,227.86999999999995,101.55999999999999,90.33999999999997,2133.93,1093.2500000000002,948.05,IN,20220201
385,Indiana,3,2022,287.23,127.09999999999997,113.34999999999997,2421.16,1220.3500000000001,1061.3999999999999,IN,20220301
387,Indiana,4,2022,254.47000000000003,111.34999999999994,99.37,2675.63,1331.7,1160.77,IN,20220401
389,Indiana,5,2022,259.37,111.93000000000005,99.89000000000004,2935.0,1443.63,1260.66,IN,20220501
391,Indiana,6,2022,177.01999999999998,75.06999999999998,67.28999999999998,3112.02,1518.7,1327.95,IN,20220601
393,Indiana,7,2022,10.11,4.22,3.8,3122.13,1522.92,1331.75,IN,20220701
399,Iowa,1,2021,2.84,2.3599999999999994,0.44,2.84,2.3599999999999994,0.44,IA,20210101
401,Iowa,2,2021,12.5,9.299999999999997,3.1100000000000003,15.34,11.659999999999997,3.5500000000000003,IA,20210201
403,Iowa,3,2021,35.41,23.41,12.729999999999999,50.75,35.06999999999999,16.279999999999998,IA,20210301
405,Iowa,4,2021,60.08000000000001,36.74,25.35000000000001,110.83000000000001,71.81,41.63000000000001,IA,20210401
407,Iowa,5,2021,79.39000000000001,44.15,37.72,190.22000000000003,115.96000000000001,79.35000000000001,IA,20210501
409,Iowa,6,2021,88.46000000000001,47.739999999999995,43.6,278.68000000000006,163.7,122.95000000000002,IA,20210601
411,Iowa,7,2021,92.7,49.449999999999974,46.31000000000001,371.38000000000005,213.14999999999998,169.26000000000002,IA,20210701
413,Iowa,8,2021,99.82000000000004,53.67,49.44999999999999,471.2000000000001,266.82,218.71,IA,20210801
414,Iowa,9,2021,94.77000000000002,50.62999999999999,46.79,565.9700000000001,317.45,265.5,IA,20210901
415,Iowa,10,2021,103.96,53.89,50.19000000000001,669.9300000000002,371.34,315.69,IA,20211001
416,Iowa,11,2021,98.91000000000001,48.08000000000002,44.260000000000005,768.8400000000001,419.42,359.95,IA,20211101
417,Iowa,12,2021,119.38999999999999,54.32999999999999,49.400000000000006,888.2300000000001,473.75,409.35,IA,20211201
400,Iowa,1,2022,123.75999999999999,54.100000000000016,49.039999999999985,1011.9900000000001,527.85,458.39,IA,20220101
402,Iowa,2,2022,122.16000000000001,52.84999999999997,47.95000000000001,1134.15,580.7,506.34,IA,20220201
404,Iowa,3,2022,153.51999999999995,65.97000000000003,59.99999999999997,1287.67,646.6700000000001,566.3399999999999,IA,20220301
406,Iowa,4,2022,136.08,57.74000000000001,52.58000000000002,1423.75,704.4100000000001,618.92,IA,20220401
408,Iowa,5,2022,139.29,57.989999999999974,52.90000000000001,1563.04,762.4000000000001,671.8199999999999,IA,20220501
410,Iowa,6,2022,94.25000000000001,38.73999999999998,35.39999999999999,1657.29,801.1400000000001,707.2199999999999,IA,20220601
412,Iowa,7,2022,5.29,2.16,1.97,1662.58,803.3000000000001,709.1899999999999,IA,20220701
418,Kansas,1,2021,2.4499999999999997,2.03,0.37,2.4499999999999997,2.03,0.37,KS,20210101
420,Kansas,2,2021,10.71,7.919999999999999,2.95,13.16,9.95,3.3200000000000003,KS,20210201
422,Kansas,3,2021,29.050000000000004,19.96,10.530000000000001,42.21000000000001,29.91,13.850000000000001,KS,20210301
424,Kansas,4,2021,51.49,33.42999999999999,21.47,93.70000000000002,63.33999999999999,35.32,KS,20210401
426,Kansas,5,2021,65.78999999999999,39.02,31.239999999999995,159.49,102.35999999999999,66.56,KS,20210501
428,Kansas,6,2021,72.21000000000001,42.0,35.11,231.70000000000002,144.35999999999999,101.67,KS,20210601
430,Kansas,7,2021,77.13000000000001,44.319999999999986,37.84000000000001,308.83000000000004,188.67999999999998,139.51000000000002,KS,20210701
432,Kansas,8,2021,86.99,50.11,42.089999999999996,395.82000000000005,238.78999999999996,181.60000000000002,KS,20210801
433,Kansas,9,2021,84.27,47.969999999999985,40.68999999999998,480.09000000000003,286.75999999999993,222.29000000000002,KS,20210901
434,Kansas,10,2021,93.16999999999999,51.73,44.18999999999999,573.26,338.48999999999995,266.48,KS,20211001
435,Kansas,11,2021,87.73,46.76999999999999,39.230000000000004,660.99,385.25999999999993,305.71000000000004,KS,20211101
436,Kansas,12,2021,104.88,53.3,43.999999999999986,765.87,438.55999999999995,349.71000000000004,KS,20211201
419,Kansas,1,2022,109.88,53.92,44.08,875.75,492.47999999999996,393.79,KS,20220101
421,Kansas,2,2022,39.08,19.060000000000006,15.550000000000002,914.83,511.53999999999996,409.34000000000003,KS,20220201
423,Kansas,3,2022,0.0,0.0,0.0,914.83,511.53999999999996,409.34000000000003,KS,20220301
425,Kansas,4,2022,0.0,0.0,0.0,914.83,511.53999999999996,409.34000000000003,KS,20220401
427,Kansas,5,2022,0.0,0.0,0.0,914.83,511.53999999999996,409.34000000000003,KS,20220501
429,Kansas,6,2022,46.51,21.220000000000002,18.2,961.34,532.76,427.54,KS,20220601
431,Kansas,7,2022,4.68,2.13,1.82,966.02,534.89,429.36,KS,20220701
437,Kentucky,1,2021,4.54,4.01,0.45999999999999996,4.54,4.01,0.45999999999999996,KY,20210101
439,Kentucky,2,2021,18.56,13.529999999999998,5.1499999999999995,23.099999999999998,17.54,5.609999999999999,KY,20210201
441,Kentucky,3,2021,48.47000000000002,32.760000000000005,17.050000000000004,71.57000000000002,50.300000000000004,22.660000000000004,KY,20210301
443,Kentucky,4,2021,80.89,49.779999999999994,34.13,152.46000000000004,100.08,56.790000000000006,KY,20210401
445,Kentucky,5,2021,102.32,58.440000000000005,47.75,254.78000000000003,158.52,104.54,KY,20210501
447,Kentucky,6,2021,114.8,64.46000000000001,54.899999999999984,369.58000000000004,222.98000000000002,159.44,KY,20210601
449,Kentucky,7,2021,118.72999999999999,65.62,57.82000000000001,488.31000000000006,288.6,217.26,KY,20210701
451,Kentucky,8,2021,135.46,75.67,64.99000000000001,623.7700000000001,364.27000000000004,282.25,KY,20210801
452,Kentucky,9,2021,4.57,2.56,2.17,628.3400000000001,366.83000000000004,284.42,KY,20210901
453,Kentucky,10,2021,14.67,7.699999999999999,6.789999999999999,643.0100000000001,374.53000000000003,291.21000000000004,KY,20211001
454,Kentucky,11,2021,128.89,65.59,57.42,771.9000000000001,440.12,348.63000000000005,KY,20211101
455,Kentucky,12,2021,153.25,74.13000000000002,64.36999999999999,925.1500000000001,514.25,413.00000000000006,KY,20211201
438,Kentucky,1,2022,158.12999999999997,74.07,63.969999999999985,1083.28,588.3199999999999,476.97,KY,20220101
440,Kentucky,2,2022,156.49,72.57999999999997,62.66000000000001,1239.77,660.8999999999999,539.63,KY,20220201
442,Kentucky,3,2022,197.20999999999995,90.80000000000001,78.6,1436.98,751.6999999999998,618.23,KY,20220301
444,Kentucky,4,2022,174.42000000000002,79.55000000000005,68.98000000000003,1611.4,831.2499999999999,687.21,KY,20220401
446,Kentucky,5,2022,177.38,79.96,69.35999999999999,1788.7800000000002,911.2099999999999,756.57,KY,20220501
448,Kentucky,6,2022,119.73999999999998,53.47999999999998,46.44999999999999,1908.5200000000002,964.6899999999999,803.02,KY,20220601
450,Kentucky,7,2022,6.71,2.99,2.59,1915.2300000000002,967.68,805.61,KY,20220701
466,Louisiana,1,2021,5.12,4.38,0.6799999999999999,5.12,4.38,0.6799999999999999,LA,20210101
468,Louisiana,2,2021,19.209999999999997,13.09,5.969999999999999,24.33,17.47,6.649999999999999,LA,20210201
470,Louisiana,3,2021,46.54,29.369999999999994,17.23,70.87,46.83999999999999,23.88,LA,20210301
472,Louisiana,4,2021,69.85,40.65,29.990000000000002,140.72,87.48999999999998,53.870000000000005,LA,20210401
474,Louisiana,5,2021,87.42,47.42,40.77,228.14,134.90999999999997,94.64000000000001,LA,20210501
476,Louisiana,6,2021,96.63,51.64000000000001,46.03000000000001,324.77,186.54999999999998,140.67000000000002,LA,20210601
478,Louisiana,7,2021,104.73,55.69999999999999,50.27000000000001,429.5,242.24999999999997,190.94000000000003,LA,20210701
480,Louisiana,8,2021,121.75,67.06,56.040000000000006,551.25,309.30999999999995,246.98000000000002,LA,20210801
481,Louisiana,9,2021,122.61999999999999,66.15,57.00000000000001,673.87,375.4599999999999,303.98,LA,20210901
482,Louisiana,10,2021,136.64,71.24000000000002,62.92000000000001,810.51,446.69999999999993,366.90000000000003,LA,20211001
483,Louisiana,11,2021,125.83999999999997,63.449999999999996,56.080000000000005,936.3499999999999,510.1499999999999,422.98,LA,20211101
484,Louisiana,12,2021,146.69,70.92,62.269999999999996,1083.04,581.0699999999999,485.25,LA,20211201
467,Louisiana,1,2022,151.51000000000002,70.94,61.81999999999999,1234.55,652.01,547.0699999999999,LA,20220101
469,Louisiana,2,2022,150.01000000000008,69.58,60.679999999999986,1384.56,721.59,607.7499999999999,LA,20220201
471,Louisiana,3,2022,189.2999999999999,87.13999999999996,76.25999999999999,1573.86,808.73,684.0099999999999,LA,20220301
473,Louisiana,4,2022,167.19,76.34999999999998,66.92999999999996,1741.05,885.08,750.9399999999998,LA,20220401
475,Louisiana,5,2022,169.59000000000003,76.72000000000001,67.27000000000004,1910.6399999999999,961.8000000000001,818.2099999999998,LA,20220501
477,Louisiana,6,2022,114.50000000000003,51.320000000000014,45.019999999999996,2025.1399999999999,1013.1200000000001,863.2299999999998,LA,20220601
479,Louisiana,7,2022,6.42,2.86,2.51,2031.56,1015.9800000000001,865.7399999999998,LA,20220701
485,Maine,1,2021,1.56,1.23,0.27,1.56,1.23,0.27,ME,20210101
487,Maine,2,2021,6.1499999999999995,4.380000000000001,1.7300000000000006,7.709999999999999,5.610000000000001,2.000000000000001,ME,20210201
489,Maine,3,2021,15.959999999999999,10.7,5.78,23.669999999999998,16.310000000000002,7.780000000000001,ME,20210301
491,Maine,4,2021,27.939999999999998,17.919999999999998,11.84,51.61,34.230000000000004,19.62,ME,20210401
493,Maine,5,2021,40.34,23.819999999999993,19.33,91.95,58.05,38.95,ME,20210501
495,Maine,6,2021,46.65000000000001,26.270000000000003,23.519999999999996,138.60000000000002,84.32,62.47,ME,20210601
497,Maine,7,2021,49.25999999999997,27.190000000000012,25.260000000000012,187.85999999999999,111.51,87.73000000000002,ME,20210701
499,Maine,8,2021,52.76999999999999,29.14,26.939999999999994,240.62999999999997,140.65,114.67000000000002,ME,20210801
500,Maine,9,2021,49.959999999999994,27.469999999999988,25.330000000000013,290.59,168.12,140.00000000000003,ME,20210901
501,Maine,10,2021,54.809999999999995,29.37,27.130000000000003,345.4,197.49,167.13000000000002,ME,20211001
502,Maine,11,2021,52.41000000000001,26.550000000000004,23.99,397.81,224.04000000000002,191.12000000000003,ME,20211101
503,Maine,12,2021,64.15,30.459999999999997,26.980000000000008,461.96000000000004,254.50000000000003,218.10000000000005,ME,20211201
486,Maine,1,2022,67.71,30.61000000000001,26.87999999999999,529.6700000000001,285.11,244.98000000000005,ME,20220101
488,Maine,2,2022,53.56,23.89999999999999,20.930000000000007,583.23,309.01,265.9100000000001,ME,20220201
490,Maine,3,2022,43.58999999999999,19.199999999999996,16.950000000000006,626.82,328.21,282.86000000000007,ME,20220301
492,Maine,4,2022,64.06,27.80000000000001,24.470000000000006,690.8800000000001,356.01,307.3300000000001,ME,20220401
494,Maine,5,2022,77.88,32.95999999999999,28.939999999999998,768.7600000000001,388.96999999999997,336.2700000000001,ME,20220501
496,Maine,6,2022,53.01000000000002,22.150000000000002,19.439999999999998,821.7700000000001,411.11999999999995,355.7100000000001,ME,20220601
498,Maine,7,2022,2.99,1.24,1.08,824.7600000000001,412.35999999999996,356.7900000000001,ME,20220701
523,Maryland,1,2021,5.370000000000001,4.71,0.6299999999999999,5.370000000000001,4.71,0.6299999999999999,MD,20210101
525,Maryland,2,2021,23.68,17.19,6.73,29.05,21.900000000000002,7.36,MD,20210201
527,Maryland,3,2021,63.660000000000004,42.77,23.580000000000002,92.71000000000001,64.67,30.94,MD,20210301
529,Maryland,4,2021,115.74,73.76000000000002,47.28000000000001,208.45,138.43,78.22000000000001,MD,20210401
531,Maryland,5,2021,165.16000000000003,96.21999999999997,75.36,373.61,234.64999999999998,153.58,MD,20210501
533,Maryland,6,2021,195.72000000000003,108.32000000000002,94.72999999999999,569.33,342.97,248.31,MD,20210601
535,Maryland,7,2021,211.59999999999997,114.82,104.49000000000001,780.9300000000001,457.79,352.8,MD,20210701
537,Maryland,8,2021,229.37999999999997,124.72999999999998,112.67,1010.3100000000001,582.52,465.47,MD,20210801
538,Maryland,9,2021,218.39999999999995,117.80000000000001,106.6,1228.71,700.3199999999999,572.07,MD,20210901
539,Maryland,10,2021,205.28,108.44999999999999,98.43,1433.99,808.77,670.5,MD,20211001
540,Maryland,11,2021,206.57000000000008,103.30000000000003,92.77,1640.5600000000002,912.07,763.27,MD,20211101
541,Maryland,12,2021,269.11,128.44000000000003,113.02999999999999,1909.67,1040.51,876.3,MD,20211201
524,Maryland,1,2022,282.95,129.49,112.68,2192.62,1170.0,988.98,MD,20220101
526,Maryland,2,2022,283.90999999999997,127.43999999999998,110.91,2476.5299999999997,1297.44,1099.89,MD,20220201
528,Maryland,3,2022,359.94,159.88999999999996,139.55000000000004,2836.47,1457.33,1239.44,MD,20220301
530,Maryland,4,2022,237.92999999999998,104.15,91.07,3074.3999999999996,1561.48,1330.51,MD,20220401
532,Maryland,5,2022,328.96999999999997,141.5,123.82,3403.3699999999994,1702.98,1454.33,MD,20220501
534,Maryland,6,2022,223.87,94.83999999999996,82.98000000000002,3627.2399999999993,1797.82,1537.31,MD,20220601
536,Maryland,7,2022,12.61,5.31,4.63,3639.8499999999995,1803.1299999999999,1541.94,MD,20220701
542,Massachusetts,1,2021,6.560000000000001,5.550000000000001,0.98,6.560000000000001,5.550000000000001,0.98,MA,20210101
544,Massachusetts,2,2021,30.009999999999998,22.43,7.369999999999999,36.57,27.98,8.35,MA,20210201
546,Massachusetts,3,2021,82.95,55.47,28.220000000000006,119.52000000000001,83.45,36.57000000000001,MA,20210301
548,Massachusetts,4,2021,147.92,95.00999999999999,57.32,267.44,178.45999999999998,93.89000000000001,MA,20210401
550,Massachusetts,5,2021,216.18999999999997,128.03,94.5,483.63,306.49,188.39000000000001,MA,20210501
552,Massachusetts,6,2021,255.16,142.09,120.36000000000001,738.79,448.58000000000004,308.75,MA,20210601
554,Massachusetts,7,2021,270.06,147.96,130.14,1008.8499999999999,596.5400000000001,438.89,MA,20210701
556,Massachusetts,8,2021,288.38000000000005,158.23000000000002,138.65,1297.23,754.7700000000001,577.54,MA,20210801
557,Massachusetts,9,2021,270.03999999999996,147.64000000000001,129.39000000000001,1567.27,902.4100000000001,706.93,MA,20210901
558,Massachusetts,10,2021,293.16999999999996,157.58000000000004,137.62000000000006,1860.44,1059.9900000000002,844.55,MA,20211001
559,Massachusetts,11,2021,274.68,142.5,121.26,2135.12,1202.4900000000002,965.81,MA,20211101
560,Massachusetts,12,2021,332.7,164.23,136.18999999999997,2467.8199999999997,1366.7200000000003,1102.0,MA,20211201
543,Massachusetts,1,2022,352.75,167.04,135.62,2820.5699999999997,1533.7600000000002,1237.62,MA,20220101
545,Massachusetts,2,2022,295.84999999999997,138.42999999999998,111.43999999999997,3116.4199999999996,1672.1900000000003,1349.06,MA,20220201
547,Massachusetts,3,2022,387.8700000000001,180.14,145.03999999999994,3504.29,1852.3300000000004,1494.1,MA,20220301
549,Massachusetts,4,2022,395.09000000000003,181.77999999999997,146.19,3899.38,2034.1100000000004,1640.29,MA,20220401
551,Massachusetts,5,2022,405.43000000000006,183.51,147.48999999999998,4304.81,2217.6200000000003,1787.78,MA,20220501
553,Massachusetts,6,2022,274.99,123.17999999999996,98.96000000000001,4579.8,2340.8,1886.74,MA,20220601
555,Massachusetts,7,2022,15.45,6.89,5.52,4595.25,2347.69,1892.26,MA,20220701
561,Michigan,1,2021,10.52,8.69,1.6599999999999997,10.52,8.69,1.6599999999999997,MI,20210101
563,Michigan,2,2021,43.23,29.769999999999996,13.24,53.75,38.459999999999994,14.9,MI,20210201
565,Michigan,3,2021,102.63,66.58,37.96999999999999,156.38,105.03999999999999,52.86999999999999,MI,20210301
567,Michigan,4,2021,175.60000000000005,109.66,73.59,331.98,214.7,126.46,MI,20210401
569,Michigan,5,2021,239.79999999999998,137.10999999999999,113.33,571.78,351.80999999999995,239.79,MI,20210501
571,Michigan,6,2021,272.66,150.53,134.13000000000002,844.44,502.3399999999999,373.92,MI,20210601
573,Michigan,7,2021,288.65,156.57999999999998,144.03,1133.0900000000001,658.9199999999998,517.95,MI,20210701
575,Michigan,8,2021,309.62,167.91,153.67999999999998,1442.71,826.8299999999998,671.63,MI,20210801
576,Michigan,9,2021,291.38,157.07999999999998,143.95,1734.0900000000001,983.9099999999999,815.5799999999999,MI,20210901
577,Michigan,10,2021,245.59999999999997,126.68,116.54999999999998,1979.69,1110.59,932.1299999999999,MI,20211001
578,Michigan,11,2021,301.95000000000005,148.66,134.9,2281.6400000000003,1259.25,1067.03,MI,20211101
579,Michigan,12,2021,361.91,168.24,150.57999999999996,2643.55,1427.49,1217.61,MI,20211201
562,Michigan,1,2022,375.59,167.57,149.69000000000005,3019.1400000000003,1595.06,1367.3,MI,20220101
564,Michigan,2,2022,343.65000000000003,150.73,134.85000000000002,3362.7900000000004,1745.79,1502.15,MI,20220201
566,Michigan,3,2022,476.7099999999999,205.67999999999998,184.40000000000003,3839.5000000000005,1951.47,1686.5500000000002,MI,20220301
568,Michigan,4,2022,423.1,180.08000000000004,161.63,4262.6,2131.55,1848.1800000000003,MI,20220401
570,Michigan,5,2022,432.6199999999999,180.93000000000006,162.59999999999994,4695.22,2312.4800000000005,2010.7800000000002,MI,20220501
572,Michigan,6,2022,292.6,121.05000000000003,108.82999999999998,4987.820000000001,2433.5300000000007,2119.61,MI,20220601
574,Michigan,7,2022,16.39,6.74,6.06,5004.210000000001,2440.2700000000004,2125.67,MI,20220701
580,Minnesota,1,2021,5.32,4.27,0.9899999999999999,5.32,4.27,0.9899999999999999,MN,20210101
582,Minnesota,2,2021,24.61,17.599999999999998,6.7,29.93,21.869999999999997,7.69,MN,20210201
584,Minnesota,3,2021,63.97000000000003,42.160000000000004,23.15,93.90000000000003,64.03,30.84,MN,20210301
586,Minnesota,4,2021,108.35000000000002,68.01,45.73,202.25000000000006,132.04000000000002,76.57,MN,20210401
588,Minnesota,5,2021,148.15,86.14,69.10999999999999,350.4000000000001,218.18,145.67999999999998,MN,20210501
590,Minnesota,6,2021,169.57000000000002,94.41000000000001,82.9,519.9700000000001,312.59000000000003,228.57999999999998,MN,20210601
592,Minnesota,7,2021,179.45000000000002,97.92000000000002,89.58999999999999,699.4200000000002,410.51000000000005,318.16999999999996,MN,20210701
594,Minnesota,8,2021,193.08000000000004,105.71000000000001,95.72000000000001,892.5000000000002,516.22,413.89,MN,20210801
595,Minnesota,9,2021,182.94000000000003,99.17999999999996,90.37,1075.4400000000003,615.4,504.26,MN,20210901
596,Minnesota,10,2021,201.19999999999996,105.29000000000002,96.63000000000001,1276.6400000000003,720.69,600.89,MN,20211001
597,Minnesota,11,2021,193.37000000000003,94.28999999999999,86.89000000000001,1470.0100000000004,814.98,687.78,MN,20211101
598,Minnesota,12,2021,236.10999999999996,107.1,97.83,1706.1200000000003,922.08,785.61,MN,20211201
581,Minnesota,1,2022,246.28,106.58,97.39999999999998,1952.4000000000003,1028.66,883.01,MN,20220101
583,Minnesota,2,2022,245.04,104.33000000000001,95.4,2197.4400000000005,1132.99,978.41,MN,20220201
585,Minnesota,3,2022,309.0,130.32999999999993,119.81000000000004,2506.4400000000005,1263.32,1098.22,MN,20220301
587,Minnesota,4,2022,274.29999999999995,114.04000000000003,104.99000000000004,2780.7400000000007,1377.36,1203.21,MN,20220401
589,Minnesota,5,2022,281.99,114.53000000000002,105.53999999999996,3062.7300000000005,1491.8899999999999,1308.75,MN,20220501
591,Minnesota,6,2022,191.67999999999995,76.62999999999998,70.64000000000001,3254.4100000000003,1568.5199999999998,1379.39,MN,20220601
593,Minnesota,7,2022,10.78,4.28,3.94,3265.1900000000005,1572.7999999999997,1383.3300000000002,MN,20220701
599,Mississippi,1,2021,2.5300000000000002,2.2899999999999996,0.22999999999999995,2.5300000000000002,2.2899999999999996,0.22999999999999995,MS,20210101
601,Mississippi,2,2021,11.1,8.290000000000001,2.8300000000000005,13.629999999999999,10.58,3.0600000000000005,MS,20210201
603,Mississippi,3,2021,27.990000000000002,18.219999999999995,10.269999999999998,41.620000000000005,28.799999999999997,13.329999999999998,MS,20210301
605,Mississippi,4,2021,42.02000000000001,25.349999999999998,17.800000000000004,83.64000000000001,54.14999999999999,31.130000000000003,MS,20210401
607,Mississippi,5,2021,50.69,29.1,22.98999999999999,134.33,83.25,54.11999999999999,MS,20210501
609,Mississippi,6,2021,55.24,31.369999999999997,25.440000000000005,189.57000000000002,114.62,79.56,MS,20210601
611,Mississippi,7,2021,61.56999999999999,33.66,29.640000000000008,251.14000000000001,148.28,109.20000000000002,MS,20210701
613,Mississippi,8,2021,71.62000000000002,40.12000000000001,33.27,322.76000000000005,188.4,142.47000000000003,MS,20210801
614,Mississippi,9,2021,74.72000000000001,40.69999999999999,34.5,397.4800000000001,229.1,176.97000000000003,MS,20210901
615,Mississippi,10,2021,83.75000000000001,44.21999999999999,38.650000000000006,481.2300000000001,273.32,215.62000000000003,MS,20211001
616,Mississippi,11,2021,77.24000000000002,39.38,34.53,558.4700000000001,312.7,250.15000000000003,MS,20211101
617,Mississippi,12,2021,89.69,44.029999999999994,38.269999999999996,648.1600000000001,356.72999999999996,288.42,MS,20211201
600,Mississippi,1,2022,93.46000000000001,44.23999999999998,38.17000000000001,741.6200000000001,400.9699999999999,326.59000000000003,MS,20220101
602,Mississippi,2,2022,93.08000000000001,43.50999999999999,37.580000000000005,834.7000000000002,444.4799999999999,364.17,MS,20220201
604,Mississippi,3,2022,117.40000000000002,54.45999999999999,47.280000000000015,952.1000000000001,498.9399999999999,411.45000000000005,MS,20220301
606,Mississippi,4,2022,103.48999999999998,47.74000000000002,41.45999999999999,1055.5900000000001,546.68,452.91,MS,20220401
608,Mississippi,5,2022,105.12,48.000000000000014,41.749999999999986,1160.71,594.68,494.66,MS,20220501
610,Mississippi,6,2022,70.89999999999999,32.09,27.910000000000007,1231.6100000000001,626.77,522.57,MS,20220601
612,Mississippi,7,2022,3.97,1.79,1.56,1235.5800000000002,628.56,524.13,MS,20220701
618,Missouri,1,2021,5.02,3.84,1.0599999999999998,5.02,3.84,1.0599999999999998,MO,20210101
620,Missouri,2,2021,20.690000000000005,14.500000000000002,5.64,25.710000000000004,18.340000000000003,6.699999999999999,MO,20210201
622,Missouri,3,2021,59.93,37.94999999999999,20.54,85.64,56.28999999999999,27.24,MO,20210301
624,Missouri,4,2021,100.1,60.010000000000005,40.02,185.74,116.3,67.26,MO,20210401
626,Missouri,5,2021,131.56999999999996,73.57,58.38,317.30999999999995,189.87,125.64000000000001,MO,20210501
628,Missouri,6,2021,146.88000000000005,80.2,67.63000000000002,464.19,270.07,193.27000000000004,MO,20210601
630,Missouri,7,2021,158.29,85.9,73.92999999999999,622.48,355.97,267.20000000000005,MO,20210701
632,Missouri,8,2021,177.26000000000002,96.98000000000002,82.17,799.74,452.95000000000005,349.37000000000006,MO,20210801
633,Missouri,9,2021,171.8,92.64999999999999,80.22000000000001,971.54,545.6,429.5900000000001,MO,20210901
634,Missouri,10,2021,190.08999999999997,99.51999999999997,87.18000000000004,1161.6299999999999,645.12,516.7700000000001,MO,20211001
635,Missouri,11,2021,177.27000000000004,89.24,77.27000000000001,1338.8999999999999,734.36,594.0400000000001,MO,20211101
636,Missouri,12,2021,210.58000000000004,101.43,86.46999999999998,1549.48,835.79,680.5100000000001,MO,20211201
619,Missouri,1,2022,216.47999999999993,101.56999999999998,85.8,1765.96,937.3599999999999,766.3100000000001,MO,20220101
621,Missouri,2,2022,214.43000000000004,99.76000000000003,84.02999999999997,1980.39,1037.12,850.34,MO,20220201
623,Missouri,3,2022,269.99,124.79,105.39999999999998,2250.38,1161.9099999999999,955.74,MO,20220301
625,Missouri,4,2022,238.76999999999995,109.33999999999999,92.47000000000004,2489.15,1271.2499999999998,1048.21,MO,20220401
627,Missouri,5,2022,243.34000000000006,109.88999999999994,93.13,2732.4900000000002,1381.1399999999996,1141.3400000000001,MO,20220501
629,Missouri,6,2022,164.54000000000002,73.56000000000002,62.40999999999999,2897.03,1454.6999999999996,1203.7500000000002,MO,20220601
631,Missouri,7,2022,9.24,4.11,3.48,2906.27,1458.8099999999995,1207.2300000000002,MO,20220701
637,Montana,1,2021,1.2,0.9500000000000002,0.20999999999999994,1.2,0.9500000000000002,0.20999999999999994,MT,20210101
639,Montana,2,2021,4.95,3.5299999999999994,1.4200000000000006,6.15,4.4799999999999995,1.6300000000000006,MT,20210201
641,Montana,3,2021,12.390000000000002,7.9300000000000015,4.6000000000000005,18.540000000000003,12.41,6.230000000000001,MT,20210301
643,Montana,4,2021,19.689999999999998,11.829999999999998,8.37,38.230000000000004,24.24,14.600000000000001,MT,20210401
645,Montana,5,2021,24.57000000000001,13.790000000000008,11.46,62.80000000000001,38.03000000000001,26.060000000000002,MT,20210501
647,Montana,6,2021,27.170000000000012,14.929999999999998,13.039999999999994,89.97000000000003,52.96000000000001,39.099999999999994,MT,20210601
649,Montana,7,2021,28.709999999999997,15.53999999999999,14.010000000000007,118.68000000000002,68.5,53.11,MT,20210701
651,Montana,8,2021,30.88000000000001,16.870000000000008,14.960000000000006,149.56000000000003,85.37,68.07000000000001,MT,20210801
652,Montana,9,2021,29.65,16.060000000000002,14.189999999999996,179.21000000000004,101.43,82.26,MT,20210901
653,Montana,10,2021,33.04,17.329999999999995,15.329999999999991,212.25000000000003,118.76,97.59,MT,20211001
654,Montana,11,2021,31.490000000000002,15.550000000000006,13.660000000000007,243.74000000000004,134.31,111.25000000000001,MT,20211101
655,Montana,12,2021,37.529999999999994,17.610000000000003,15.320000000000006,281.27000000000004,151.92000000000002,126.57000000000002,MT,20211201
638,Montana,1,2022,38.459999999999994,17.529999999999998,15.209999999999999,319.73,169.45000000000002,141.78000000000003,MT,20220101
640,Montana,2,2022,38.010000000000005,17.149999999999995,14.849999999999996,357.74,186.60000000000002,156.63000000000002,MT,20220201
642,Montana,3,2022,47.87999999999997,21.39,18.6,405.62,207.99,175.23000000000002,MT,20220301
644,Montana,4,2022,42.319999999999986,18.759999999999987,16.289999999999992,447.94,226.75,191.52,MT,20220401
646,Montana,5,2022,43.21,18.89999999999999,16.469999999999995,491.15,245.64999999999998,207.99,MT,20220501
648,Montana,6,2022,27.62,11.899999999999997,10.37,518.77,257.54999999999995,218.36,MT,20220601
650,Montana,7,2022,1.64,0.7,0.61,520.41,258.24999999999994,218.97000000000003,MT,20220701
656,Nebraska,1,2021,2.08,1.6999999999999997,0.3399999999999999,2.08,1.6999999999999997,0.3399999999999999,NE,20210101
658,Nebraska,2,2021,7.73,5.32,2.370000000000001,9.81,7.02,2.710000000000001,NE,20210201
660,Nebraska,3,2021,21.73,14.0,7.999999999999999,31.54,21.02,10.71,NE,20210301
662,Nebraska,4,2021,36.32,22.319999999999993,15.080000000000004,67.86,43.33999999999999,25.790000000000006,NE,20210401
664,Nebraska,5,2021,47.43999999999998,26.540000000000003,22.439999999999998,115.29999999999998,69.88,48.230000000000004,NE,20210501
666,Nebraska,6,2021,53.32,28.989999999999995,25.970000000000002,168.61999999999998,98.86999999999999,74.2,NE,20210601
668,Nebraska,7,2021,55.08999999999998,29.519999999999996,27.259999999999994,223.70999999999995,128.39,101.46,NE,20210701
670,Nebraska,8,2021,62.03,33.480000000000004,30.359999999999996,285.73999999999995,161.87,131.82,NE,20210801
671,Nebraska,9,2021,59.400000000000006,31.739999999999995,28.999999999999993,345.14,193.61,160.82,NE,20210901
672,Nebraska,10,2021,65.37,33.77000000000001,31.139999999999986,410.51,227.38000000000002,191.95999999999998,NE,20211001
673,Nebraska,11,2021,61.38000000000001,30.119999999999994,27.470000000000002,471.89,257.5,219.42999999999998,NE,20211101
674,Nebraska,12,2021,73.86,34.09,30.729999999999993,545.75,291.59000000000003,250.15999999999997,NE,20211201
657,Nebraska,1,2022,76.75999999999999,34.06,30.590000000000007,622.51,325.65000000000003,280.75,NE,20220101
659,Nebraska,2,2022,76.24999999999999,33.39000000000001,30.029999999999998,698.76,359.04,310.78,NE,20220201
661,Nebraska,3,2022,96.14,41.71000000000002,37.64999999999999,794.9,400.75000000000006,348.42999999999995,NE,20220301
663,Nebraska,4,2022,85.47,36.599999999999994,33.09,880.37,437.35,381.52,NE,20220401
665,Nebraska,5,2022,87.12999999999998,36.71999999999999,33.21000000000001,967.5,474.07,414.73,NE,20220501
667,Nebraska,6,2022,58.92,24.600000000000012,22.259999999999994,1026.42,498.67,436.99,NE,20220601
669,Nebraska,7,2022,3.31,1.37,1.24,1029.73,500.04,438.23,NE,20220701
675,Nevada,1,2021,2.38,2.01,0.33999999999999997,2.38,2.01,0.33999999999999997,NV,20210101
677,Nevada,2,2021,12.139999999999999,8.95,3.0900000000000003,14.52,10.959999999999999,3.43,NV,20210201
679,Nevada,3,2021,31.74,20.14,11.220000000000002,46.26,31.1,14.650000000000002,NV,20210301
681,Nevada,4,2021,52.15,31.98,20.72,98.41,63.08,35.370000000000005,NV,20210401
683,Nevada,5,2021,69.05999999999999,39.29,30.58,167.46999999999997,102.37,65.95,NV,20210501
685,Nevada,6,2021,79.18,43.94,36.419999999999995,246.64999999999998,146.31,102.37,NV,20210601
687,Nevada,7,2021,86.19,47.7,39.97,332.84,194.01,142.34,NV,20210701
689,Nevada,8,2021,95.68,53.49,43.95000000000001,428.52,247.5,186.29000000000002,NV,20210801
690,Nevada,9,2021,92.71,51.359999999999985,42.70000000000001,521.23,298.86,228.99000000000004,NV,20210901
691,Nevada,10,2021,102.12,55.480000000000004,46.39000000000001,623.35,354.34000000000003,275.38000000000005,NV,20211001
692,Nevada,11,2021,94.90999999999998,49.9,41.38,718.26,404.24,316.76000000000005,NV,20211101
693,Nevada,12,2021,111.82999999999998,56.519999999999996,46.19999999999999,830.0899999999999,460.76,362.96000000000004,NV,20211201
676,Nevada,1,2022,116.71000000000001,57.34,46.139999999999986,946.8,518.1,409.1,NV,20220101
678,Nevada,2,2022,116.35999999999997,56.63000000000002,45.54000000000001,1063.1599999999999,574.73,454.64000000000004,NV,20220201
680,Nevada,3,2022,147.48999999999995,71.00999999999996,57.29000000000003,1210.6499999999999,645.74,511.93000000000006,NV,20220301
682,Nevada,4,2022,130.76999999999998,62.300000000000026,50.339999999999975,1341.4199999999998,708.0400000000001,562.27,NV,20220401
684,Nevada,5,2022,133.26999999999998,62.75999999999998,50.70000000000002,1474.6899999999998,770.8000000000001,612.97,NV,20220501
686,Nevada,6,2022,90.05000000000001,42.06000000000001,34.010000000000005,1564.7399999999998,812.8600000000001,646.98,NV,20220601
688,Nevada,7,2022,5.04,2.35,1.89,1569.7799999999997,815.2100000000002,648.87,NV,20220701
694,New Hampshire,1,2021,1.5,1.18,0.23,1.5,1.18,0.23,NH,20210101
696,New Hampshire,2,2021,5.799999999999999,4.140000000000001,1.730000000000001,7.299999999999999,5.32,1.960000000000001,NH,20210201
698,New Hampshire,3,2021,14.64,10.45,5.030000000000002,21.939999999999998,15.77,6.990000000000003,NH,20210301
700,New Hampshire,4,2021,13.06,9.36,4.48,35.0,25.13,11.470000000000002,NH,20210401
702,New Hampshire,5,2021,13.609999999999996,8.740000000000002,5.8100000000000005,48.61,33.870000000000005,17.28,NH,20210501
704,New Hampshire,6,2021,44.15999999999998,24.97,21.730000000000008,92.76999999999998,58.84,39.010000000000005,NH,20210601
706,New Hampshire,7,2021,47.040000000000006,25.99,23.439999999999987,139.81,84.83,62.44999999999999,NH,20210701
708,New Hampshire,8,2021,45.85,25.12,22.469999999999995,185.66,109.95,84.91999999999999,NH,20210801
709,New Hampshire,9,2021,48.22,26.070000000000004,23.139999999999993,233.88,136.02,108.05999999999997,NH,20210901
710,New Hampshire,10,2021,53.510000000000005,28.720000000000006,24.560000000000013,287.39,164.74,132.61999999999998,NH,20211001
711,New Hampshire,11,2021,46.22,25.289999999999992,19.889999999999997,333.61,190.03,152.50999999999996,NH,20211101
712,New Hampshire,12,2021,0.0,0.0,0.0,333.61,190.03,152.50999999999996,NH,20211201
695,New Hampshire,1,2022,0.0,0.0,0.0,333.61,190.03,152.50999999999996,NH,20220101
697,New Hampshire,2,2022,0.0,0.0,0.0,333.61,190.03,152.50999999999996,NH,20220201
699,New Hampshire,3,2022,4.6,2.36,1.82,338.21000000000004,192.39000000000001,154.32999999999996,NH,20220301
701,New Hampshire,4,2022,32.419999999999995,15.439999999999996,12.299999999999997,370.63000000000005,207.83,166.62999999999994,NH,20220401
703,New Hampshire,5,2022,69.60000000000001,32.52,25.960000000000004,440.2300000000001,240.35000000000002,192.58999999999995,NH,20220501
705,New Hampshire,6,2022,47.33,21.800000000000004,17.46,487.56000000000006,262.15000000000003,210.04999999999995,NH,20220601
707,New Hampshire,7,2022,2.67,1.22,0.97,490.2300000000001,263.37000000000006,211.01999999999995,NH,20220701
713,New Jersey,1,2021,8.260000000000002,7.180000000000001,1.04,8.260000000000002,7.180000000000001,1.04,NJ,20210101
715,New Jersey,2,2021,37.34,27.380000000000003,10.25,45.60000000000001,34.56,11.29,NJ,20210201
717,New Jersey,3,2021,99.38,68.42999999999999,35.65999999999999,144.98000000000002,102.99,46.94999999999999,NJ,20210301
719,New Jersey,4,2021,179.30000000000004,116.54,74.58,324.2800000000001,219.53,121.52999999999999,NJ,20210401
721,New Jersey,5,2021,248.49000000000004,149.2,115.61000000000001,572.7700000000001,368.73,237.14,NJ,20210501
723,New Jersey,6,2021,151.44,87.69000000000001,73.52000000000001,724.21,456.42,310.65999999999997,NJ,20210601
725,New Jersey,7,2021,303.46999999999997,171.56000000000003,151.55999999999997,1027.68,627.98,462.2199999999999,NJ,20210701
727,New Jersey,8,2021,331.18999999999994,187.38,164.76999999999998,1358.87,815.36,626.9899999999999,NJ,20210801
728,New Jersey,9,2021,293.78000000000003,164.91,145.64999999999998,1652.6499999999999,980.27,772.6399999999999,NJ,20210901
729,New Jersey,10,2021,345.7200000000001,190.15,168.65999999999997,1998.37,1170.42,941.2999999999998,NJ,20211001
730,New Jersey,11,2021,321.90999999999997,170.78999999999996,148.92,2320.2799999999997,1341.21,1090.2199999999998,NJ,20211101
731,New Jersey,12,2021,384.84999999999997,195.29999999999998,166.29,2705.1299999999997,1536.51,1256.5099999999998,NJ,20211201
714,New Jersey,1,2022,405.8499999999999,198.62,165.65999999999997,3110.9799999999996,1735.13,1422.1699999999996,NJ,20220101
716,New Jersey,2,2022,408.3300000000001,196.15999999999997,163.49000000000004,3519.3099999999995,1931.29,1585.6599999999996,NJ,20220201
718,New Jersey,3,2022,517.5799999999998,246.20999999999998,205.54999999999995,4036.8899999999994,2177.5,1791.2099999999996,NJ,20220301
720,New Jersey,4,2022,459.35999999999996,215.89999999999998,180.57000000000002,4496.249999999999,2393.4,1971.7799999999995,NJ,20220401
722,New Jersey,5,2022,469.13000000000005,217.34999999999997,181.91999999999996,4965.379999999999,2610.75,2153.6999999999994,NJ,20220501
724,New Jersey,6,2022,299.67,137.53,115.13999999999999,5265.049999999999,2748.28,2268.8399999999992,NJ,20220601
726,New Jersey,7,2022,17.77,8.13,6.8,5282.82,2756.4100000000003,2275.6399999999994,NJ,20220701
732,New Mexico,1,2021,2.92,2.32,0.52,2.92,2.32,0.52,NM,20210101
734,New Mexico,2,2021,12.309999999999999,8.54,3.710000000000001,15.229999999999999,10.86,4.23,NM,20210201
736,New Mexico,3,2021,30.26,19.470000000000002,11.379999999999999,45.49,30.330000000000002,15.61,NM,20210301
738,New Mexico,4,2021,46.800000000000004,28.81,19.410000000000004,92.29,59.14,35.02,NM,20210401
740,New Mexico,5,2021,12.989999999999998,7.609999999999999,5.76,105.28,66.75,40.78,NM,20210501
742,New Mexico,6,2021,56.38,31.55,26.960000000000008,161.66,98.3,67.74000000000001,NM,20210601
744,New Mexico,7,2021,70.62,39.019999999999996,34.07000000000001,232.28,137.32,101.81000000000002,NM,20210701
746,New Mexico,8,2021,79.34000000000002,43.990000000000016,38.01999999999999,311.62,181.31,139.83,NM,20210801
747,New Mexico,9,2021,37.61,20.790000000000003,17.879999999999995,349.23,202.1,157.71,NM,20210901
748,New Mexico,10,2021,16.830000000000002,9.04,7.8,366.06,211.14,165.51000000000002,NM,20211001
749,New Mexico,11,2021,74.28999999999999,38.86000000000001,32.94,440.35,250.0,198.45000000000002,NM,20211101
750,New Mexico,12,2021,89.02000000000001,44.60999999999999,36.85,529.37,294.61,235.3,NM,20211201
733,New Mexico,1,2022,92.66999999999999,45.170000000000016,36.760000000000005,622.04,339.78000000000003,272.06,NM,20220101
735,New Mexico,2,2022,92.82000000000001,44.70999999999997,36.19,714.86,384.49,308.25,NM,20220201
737,New Mexico,3,2022,117.76999999999997,56.190000000000005,45.49999999999998,832.63,440.68,353.75,NM,20220301
739,New Mexico,4,2022,104.73000000000002,49.34999999999999,40.04000000000001,937.36,490.03,393.79,NM,20220401
741,New Mexico,5,2022,107.50000000000001,49.83000000000002,40.39,1044.8600000000001,539.86,434.18,NM,20220501
743,New Mexico,6,2022,73.00000000000001,33.459999999999994,27.09000000000001,1117.8600000000001,573.32,461.27000000000004,NM,20220601
745,New Mexico,7,2022,4.1,1.87,1.51,1121.96,575.19,462.78000000000003,NM,20220701
751,New York State,1,2021,21.069999999999997,17.869999999999997,2.6799999999999997,21.069999999999997,17.869999999999997,2.6799999999999997,NY,20210101
753,New York State,2,2021,80.72,55.31999999999999,22.979999999999993,101.78999999999999,73.19,25.659999999999993,NY,20210201
755,New York State,3,2021,206.00999999999996,136.99000000000004,68.52000000000001,307.79999999999995,210.18000000000004,94.18,NY,20210301
757,New York State,4,2021,384.5800000000001,236.69999999999996,156.37,692.3800000000001,446.88,250.55,NY,20210401
759,New York State,5,2021,533.9499999999999,301.95,243.33999999999997,1226.33,748.8299999999999,493.89,NY,20210501
761,New York State,6,2021,623.7899999999998,338.94000000000005,295.37000000000006,1850.12,1087.77,789.26,NY,20210601
763,New York State,7,2021,672.2200000000001,359.16999999999996,325.3999999999999,2522.34,1446.94,1114.6599999999999,NY,20210701
765,New York State,8,2021,733.24,393.96,353.03,3255.58,1840.9,1467.6899999999998,NY,20210801
766,New York State,9,2021,706.0099999999999,379.01,338.54999999999995,3961.5899999999997,2219.91,1806.2399999999998,NY,20210901
767,New York State,10,2021,776.4099999999999,411.13,368.54,4738.0,2631.04,2174.7799999999997,NY,20211001
768,New York State,11,2021,715.0699999999999,369.50999999999993,328.66999999999996,5453.07,3000.5499999999997,2503.45,NY,20211101
769,New York State,12,2021,870.0500000000001,426.29999999999995,369.33,6323.12,3426.8499999999995,2872.7799999999997,NY,20211201
752,New York State,1,2022,930.51,436.5199999999999,369.98999999999995,7253.63,3863.3699999999994,3242.7699999999995,NY,20220101
754,New York State,2,2022,932.67,429.4699999999999,364.27000000000004,8186.3,4292.839999999999,3607.0399999999995,NY,20220201
756,New York State,3,2022,1181.8999999999999,538.61,457.71000000000004,9368.2,4831.449999999999,4064.7499999999995,NY,20220301
758,New York State,4,2022,1047.32,472.0399999999999,402.04999999999995,10415.52,5303.489999999999,4466.799999999999,NY,20220401
760,New York State,5,2022,1068.19,474.72,405.21000000000004,11483.710000000001,5778.209999999999,4872.009999999999,NY,20220501
762,New York State,6,2022,721.0300000000001,317.86,271.59999999999997,12204.740000000002,6096.069999999999,5143.61,NY,20220601
764,New York State,7,2022,40.4,17.74,15.15,12245.140000000001,6113.809999999999,5158.759999999999,NY,20220701
770,North Carolina,1,2021,9.739999999999998,8.39,1.31,9.739999999999998,8.39,1.31,NC,20210101
772,North Carolina,2,2021,42.32,30.060000000000002,12.010000000000002,52.06,38.45,13.320000000000002,NC,20210201
774,North Carolina,3,2021,110.31999999999998,71.22999999999999,39.43,162.38,109.67999999999999,52.75,NC,20210301
776,North Carolina,4,2021,178.4,109.76,72.40999999999998,340.78,219.44,125.15999999999998,NC,20210401
778,North Carolina,5,2021,230.41999999999996,130.07999999999998,105.39999999999998,571.1999999999999,349.52,230.55999999999995,NC,20210501
780,North Carolina,6,2021,244.78,135.29999999999998,115.46000000000001,815.9799999999999,484.81999999999994,346.02,NC,20210601
782,North Carolina,7,2021,284.88,156.76000000000002,134.9,1100.86,641.5799999999999,480.91999999999996,NC,20210701
784,North Carolina,8,2021,312.33000000000004,173.82999999999998,146.0,1413.19,815.4099999999999,626.92,NC,20210801
785,North Carolina,9,2021,306.0,170.11999999999998,141.74000000000004,1719.19,985.5299999999999,768.66,NC,20210901
786,North Carolina,10,2021,344.39,188.81000000000003,156.79000000000002,2063.58,1174.34,925.45,NC,20211001
787,North Carolina,11,2021,323.62999999999994,175.8,140.15,2387.21,1350.1399999999999,1065.6000000000001,NC,20211101
788,North Carolina,12,2021,384.98999999999995,207.70000000000002,157.49999999999997,2772.2,1557.84,1223.1000000000001,NC,20211201
771,North Carolina,1,2022,401.6200000000001,216.22999999999996,157.37,3173.8199999999997,1774.07,1380.4700000000003,NC,20220101
773,North Carolina,2,2022,398.53,214.21000000000004,154.52,3572.3499999999995,1988.28,1534.9900000000002,NC,20220201
775,North Carolina,3,2022,503.3699999999999,269.02,193.9500000000001,4075.7199999999993,2257.3,1728.9400000000003,NC,20220301
777,North Carolina,4,2022,446.09000000000003,236.82000000000005,171.34999999999997,4521.8099999999995,2494.1200000000003,1900.2900000000002,NC,20220401
779,North Carolina,5,2022,455.46,239.51999999999998,174.18999999999997,4977.2699999999995,2733.6400000000003,2074.48,NC,20220501
781,North Carolina,6,2022,308.28,161.13000000000002,117.42999999999999,5285.549999999999,2894.7700000000004,2191.91,NC,20220601
783,North Carolina,7,2022,17.28,9.02,6.56,5302.829999999999,2903.7900000000004,2198.47,NC,20220701
789,North Dakota,1,2021,1.15,0.8900000000000003,0.24999999999999997,1.15,0.8900000000000003,0.24999999999999997,ND,20210101
791,North Dakota,2,2021,4.020000000000001,2.6599999999999997,1.2700000000000005,5.170000000000002,3.55,1.5200000000000005,ND,20210201
793,North Dakota,3,2021,10.010000000000003,6.140000000000002,3.51,15.180000000000005,9.690000000000001,5.03,ND,20210301
795,North Dakota,4,2021,15.100000000000001,8.450000000000001,6.340000000000002,30.28000000000001,18.14,11.370000000000001,ND,20210401
797,North Dakota,5,2021,17.699999999999996,9.309999999999999,7.9599999999999955,47.980000000000004,27.45,19.33,ND,20210501
799,North Dakota,6,2021,18.87000000000001,9.840000000000002,8.630000000000003,66.85000000000002,37.29,27.96,ND,20210601
801,North Dakota,7,2021,17.630000000000003,9.189999999999998,8.119999999999997,84.48000000000002,46.48,36.08,ND,20210701
803,North Dakota,8,2021,21.07,11.069999999999997,9.669999999999996,105.55000000000001,57.55,45.74999999999999,ND,20210801
804,North Dakota,9,2021,20.239999999999995,10.640000000000002,9.17,125.79,68.19,54.919999999999995,ND,20210901
805,North Dakota,10,2021,18.589999999999993,9.530000000000005,8.269999999999996,144.38,77.72,63.18999999999999,ND,20211001
806,North Dakota,11,2021,21.279999999999994,10.679999999999994,9.159999999999998,165.66,88.39999999999999,72.35,ND,20211101
807,North Dakota,12,2021,26.000000000000007,12.430000000000005,10.520000000000001,191.66,100.83,82.86999999999999,ND,20211201
790,North Dakota,1,2022,27.01,12.590000000000005,10.570000000000002,218.67,113.42,93.44,ND,20220101
792,North Dakota,2,2022,26.429999999999993,12.250000000000004,10.250000000000002,245.09999999999997,125.67,103.69,ND,20220201
794,North Dakota,3,2022,33.10000000000001,15.190000000000005,13.02,278.2,140.86,116.71,ND,20220301
796,North Dakota,4,2022,28.890000000000004,13.230000000000004,11.34,307.09,154.09000000000003,128.04999999999998,ND,20220401
798,North Dakota,5,2022,28.759999999999998,12.96,10.95,335.84999999999997,167.05000000000004,138.99999999999997,ND,20220501
800,North Dakota,6,2022,20.190000000000005,9.0,7.739999999999998,356.03999999999996,176.05000000000004,146.73999999999998,ND,20220601
802,North Dakota,7,2022,1.13,0.51,0.43,357.16999999999996,176.56000000000003,147.17,ND,20220701
827,Ohio,1,2021,10.25,9.169999999999998,1.07,10.25,9.169999999999998,1.07,OH,20210101
829,Ohio,2,2021,46.68,33.67,12.899999999999999,56.93,42.84,13.969999999999999,OH,20210201
831,Ohio,3,2021,121.19,77.82999999999998,44.46,178.12,120.66999999999999,58.43,OH,20210301
833,Ohio,4,2021,209.39,126.57,86.41999999999997,387.51,247.23999999999998,144.84999999999997,OH,20210401
835,Ohio,5,2021,276.55999999999995,150.92999999999998,129.75000000000003,664.0699999999999,398.16999999999996,274.6,OH,20210501
837,Ohio,6,2021,309.80000000000007,165.60000000000002,149.32,973.87,563.77,423.92,OH,20210601
839,Ohio,7,2021,326.77999999999986,171.82000000000002,160.32,1300.6499999999999,735.59,584.24,OH,20210701
841,Ohio,8,2021,351.94,185.65000000000003,171.74000000000004,1652.59,921.24,755.98,OH,20210801
842,Ohio,9,2021,284.89,150.03000000000003,138.69000000000003,1937.48,1071.27,894.6700000000001,OH,20210901
843,Ohio,10,2021,363.7200000000001,186.80999999999997,173.38,2301.2000000000003,1258.08,1068.0500000000002,OH,20211001
844,Ohio,11,2021,328.67999999999995,159.81,147.14999999999998,2629.88,1417.8899999999999,1215.2000000000003,OH,20211101
845,Ohio,12,2021,410.55,187.82000000000002,171.46,3040.4300000000003,1605.7099999999998,1386.6600000000003,OH,20211201
828,Ohio,1,2022,430.8299999999999,187.30999999999997,170.67999999999998,3471.26,1793.0199999999998,1557.3400000000004,OH,20220101
830,Ohio,2,2022,426.93999999999994,182.98,167.23999999999998,3898.2000000000003,1975.9999999999998,1724.5800000000004,OH,20220201
832,Ohio,3,2022,537.2199999999999,228.5799999999999,209.6500000000001,4435.42,2204.5799999999995,1934.2300000000005,OH,20220301
834,Ohio,4,2022,475.7899999999999,200.04999999999993,183.72999999999993,4911.21,2404.629999999999,2117.9600000000005,OH,20220401
836,Ohio,5,2022,17.85,7.43,6.82,4929.06,2412.059999999999,2124.7800000000007,OH,20220501
838,Ohio,6,2022,200.93,81.76,75.49000000000001,5129.990000000001,2493.8199999999993,2200.2700000000004,OH,20220601
840,Ohio,7,2022,18.4,7.46,6.88,5148.39,2501.2799999999993,2207.1500000000005,OH,20220701
846,Oklahoma,1,2021,5.0,4.2,0.67,5.0,4.2,0.67,OK,20210101
848,Oklahoma,2,2021,19.32,13.47,5.659999999999999,24.32,17.67,6.329999999999999,OK,20210201
850,Oklahoma,3,2021,46.849999999999994,29.900000000000006,16.64,71.16999999999999,47.57000000000001,22.97,OK,20210301
852,Oklahoma,4,2021,71.49000000000001,42.58,29.25,142.66,90.15,52.22,OK,20210401
854,Oklahoma,5,2021,85.10000000000001,47.56,38.059999999999995,227.76,137.71,90.28,OK,20210501
856,Oklahoma,6,2021,93.25999999999999,51.27,42.699999999999996,321.02,188.98000000000002,132.98,OK,20210601
858,Oklahoma,7,2021,100.7,54.790000000000006,46.76,421.71999999999997,243.77000000000004,179.73999999999998,OK,20210701
860,Oklahoma,8,2021,112.58000000000001,62.21,51.20999999999999,534.3,305.98,230.94999999999996,OK,20210801
861,Oklahoma,9,2021,112.32000000000001,61.24,50.96999999999999,646.62,367.22,281.91999999999996,OK,20210901
862,Oklahoma,10,2021,125.5,66.61999999999999,56.17,772.12,433.84000000000003,338.09,OK,20211001
863,Oklahoma,11,2021,117.01999999999998,60.39,50.25,889.14,494.23,388.34,OK,20211101
864,Oklahoma,12,2021,137.91,68.91,56.22,1027.05,563.14,444.55999999999995,OK,20211201
847,Oklahoma,1,2022,142.83,69.91999999999999,56.01000000000001,1169.8799999999999,633.06,500.56999999999994,OK,20220101
849,Oklahoma,2,2022,141.58999999999997,68.89999999999999,55.02,1311.4699999999998,701.9599999999999,555.5899999999999,OK,20220201
851,Oklahoma,3,2022,178.47000000000003,86.19000000000007,69.09999999999997,1489.9399999999998,788.15,624.6899999999998,OK,20220301
853,Oklahoma,4,2022,157.95,75.61999999999999,60.78999999999998,1647.8899999999999,863.77,685.4799999999998,OK,20220401
855,Oklahoma,5,2022,160.69,76.13999999999999,61.37000000000001,1808.58,939.91,746.8499999999998,OK,20220501
857,Oklahoma,6,2022,108.30999999999999,50.980000000000004,41.13999999999999,1916.8899999999999,990.89,787.9899999999998,OK,20220601
859,Oklahoma,7,2022,6.06,2.85,2.29,1922.9499999999998,993.74,790.2799999999997,OK,20220701
865,Oregon,1,2021,4.3999999999999995,3.7500000000000004,0.5700000000000001,4.3999999999999995,3.7500000000000004,0.5700000000000001,OR,20210101
867,Oregon,2,2021,18.33,12.890000000000002,5.35,22.729999999999997,16.640000000000004,5.92,OR,20210201
869,Oregon,3,2021,43.81,28.040000000000003,16.16,66.53999999999999,44.68000000000001,22.08,OR,20210301
871,Oregon,4,2021,74.34,46.769999999999996,29.980000000000004,140.88,91.45,52.06,OR,20210401
873,Oregon,5,2021,107.70999999999997,63.37,48.290000000000006,248.58999999999997,154.82,100.35000000000001,OR,20210501
875,Oregon,6,2021,129.91000000000003,72.04999999999998,62.84999999999999,378.5,226.86999999999998,163.2,OR,20210601
877,Oregon,7,2021,139.93,75.56000000000002,69.6,518.4300000000001,302.43,232.79999999999998,OR,20210701
879,Oregon,8,2021,150.27999999999997,81.42999999999999,74.46,668.71,383.86,307.26,OR,20210801
880,Oregon,9,2021,138.03999999999996,74.63,67.8,806.75,458.49,375.06,OR,20210901
881,Oregon,10,2021,157.68,82.61999999999999,75.82000000000002,964.4300000000001,541.11,450.88,OR,20211001
882,Oregon,11,2021,147.59,73.52000000000001,66.89999999999999,1112.02,614.63,517.78,OR,20211101
883,Oregon,12,2021,176.59000000000003,82.95000000000002,74.53,1288.6100000000001,697.58,592.31,OR,20211201
866,Oregon,1,2022,184.1,82.48999999999998,73.75000000000001,1472.71,780.07,666.06,OR,20220101
868,Oregon,2,2022,184.20999999999995,80.73999999999997,72.00000000000003,1656.92,860.8100000000001,738.06,OR,20220201
870,Oregon,3,2022,232.42,100.95000000000003,90.14999999999995,1889.3400000000001,961.7600000000001,828.2099999999999,OR,20220301
872,Oregon,4,2022,206.69000000000003,88.41000000000003,79.01000000000002,2096.03,1050.17,907.2199999999999,OR,20220401
874,Oregon,5,2022,212.59,88.89999999999996,79.49000000000002,2308.6200000000003,1139.07,986.7099999999999,OR,20220501
876,Oregon,6,2022,144.30999999999997,59.49000000000002,53.2,2452.9300000000003,1198.56,1039.9099999999999,OR,20220601
878,Oregon,7,2022,8.11,3.32,2.96,2461.0400000000004,1201.8799999999999,1042.87,OR,20220701
884,Pennsylvania,1,2021,11.77,9.61,1.9499999999999997,11.77,9.61,1.9499999999999997,PA,20210101
886,Pennsylvania,2,2021,50.06,37.029999999999994,12.92,61.83,46.63999999999999,14.87,PA,20210201
888,Pennsylvania,3,2021,134.79,91.18,45.13000000000002,196.62,137.82,60.000000000000014,PA,20210301
890,Pennsylvania,4,2021,244.09000000000003,158.72000000000003,94.05000000000001,440.71000000000004,296.54,154.05,PA,20210401
892,Pennsylvania,5,2021,343.8,208.67000000000002,147.80999999999997,784.51,505.21000000000004,301.86,PA,20210501
894,Pennsylvania,6,2021,400.05000000000007,234.02,180.80000000000007,1184.56,739.23,482.6600000000001,PA,20210601
896,Pennsylvania,7,2021,427.13,246.32999999999998,196.20999999999998,1611.69,985.56,678.8700000000001,PA,20210701
898,Pennsylvania,8,2021,464.57000000000005,268.03999999999996,213.18,2076.26,1253.6,892.0500000000002,PA,20210801
899,Pennsylvania,9,2021,443.39000000000004,254.66999999999996,203.08,2519.65,1508.27,1095.13,PA,20210901
900,Pennsylvania,10,2021,420.14,239.38,189.26999999999992,2939.79,1747.65,1284.4,PA,20211001
901,Pennsylvania,11,2021,0.0,0.0,0.0,2939.79,1747.65,1284.4,PA,20211101
902,Pennsylvania,12,2021,139.14999999999998,69.50999999999999,56.97,3078.94,1817.16,1341.3700000000001,PA,20211201
885,Pennsylvania,1,2022,546.1399999999999,268.31999999999994,216.26999999999998,3625.08,2085.48,1557.64,PA,20220101
887,Pennsylvania,2,2022,546.49,264.86,212.60000000000005,4171.57,2350.34,1770.2400000000002,PA,20220201
889,Pennsylvania,3,2022,689.5300000000002,332.23999999999995,267.24999999999994,4861.1,2682.58,2037.4900000000002,PA,20220301
891,Pennsylvania,4,2022,609.28,291.84000000000003,235.04,5470.38,2974.42,2272.53,PA,20220401
893,Pennsylvania,5,2022,627.0200000000001,294.36999999999995,237.57000000000002,6097.400000000001,3268.79,2510.1000000000004,PA,20220501
895,Pennsylvania,6,2022,425.2499999999999,197.56,159.60999999999999,6522.650000000001,3466.35,2669.7100000000005,PA,20220601
897,Pennsylvania,7,2022,23.89,11.04,8.92,6546.540000000001,3477.39,2678.6300000000006,PA,20220701
941,Rhode Island,1,2021,1.09,0.8900000000000003,0.19999999999999996,1.09,0.8900000000000003,0.19999999999999996,RI,20210101
943,Rhode Island,2,2021,4.27,3.0100000000000007,1.2800000000000005,5.359999999999999,3.9000000000000012,1.4800000000000004,RI,20210201
945,Rhode Island,3,2021,12.570000000000002,8.549999999999999,4.200000000000001,17.93,12.45,5.6800000000000015,RI,20210301
947,Rhode Island,4,2021,22.41,13.690000000000003,9.47,40.34,26.14,15.150000000000002,RI,20210401
949,Rhode Island,5,2021,31.459999999999997,18.029999999999998,14.319999999999997,71.8,44.17,29.47,RI,20210501
951,Rhode Island,6,2021,36.7,20.009999999999998,17.65,108.5,64.18,47.12,RI,20210601
953,Rhode Island,7,2021,39.13999999999999,20.929999999999996,19.18,147.64,85.11,66.3,RI,20210701
955,Rhode Island,8,2021,42.17000000000001,22.86000000000001,20.69,189.81,107.97000000000001,86.99,RI,20210801
956,Rhode Island,9,2021,40.030000000000015,21.84999999999999,19.769999999999996,229.84000000000003,129.82,106.75999999999999,RI,20210901
957,Rhode Island,10,2021,43.86000000000001,23.580000000000002,21.440000000000005,273.70000000000005,153.4,128.2,RI,20211001
958,Rhode Island,11,2021,41.25000000000001,21.29,18.979999999999997,314.95000000000005,174.69,147.17999999999998,RI,20211101
959,Rhode Island,12,2021,49.96999999999999,24.61000000000001,21.400000000000002,364.92,199.3,168.57999999999998,RI,20211201
942,Rhode Island,1,2022,50.93000000000001,24.47,20.639999999999997,415.85,223.77,189.21999999999997,RI,20220101
944,Rhode Island,2,2022,52.73,25.299999999999997,21.150000000000006,468.58000000000004,249.07,210.36999999999998,RI,20220201
946,Rhode Island,3,2022,66.52999999999997,31.84000000000001,26.65999999999999,535.11,280.91,237.02999999999997,RI,20220301
948,Rhode Island,4,2022,59.10000000000001,28.019999999999985,23.470000000000002,594.21,308.93,260.5,RI,20220401
950,Rhode Island,5,2022,60.510000000000005,28.310000000000013,23.72,654.72,337.24,284.22,RI,20220501
952,Rhode Island,6,2022,41.00000000000001,19.050000000000004,15.890000000000006,695.72,356.29,300.11,RI,20220601
954,Rhode Island,7,2022,2.3,1.06,0.89,698.02,357.35,301.0,RI,20220701
960,South Carolina,1,2021,4.33,3.619999999999999,0.6500000000000001,4.33,3.619999999999999,0.6500000000000001,SC,20210101
962,South Carolina,2,2021,19.92,14.729999999999999,5.009999999999999,24.25,18.349999999999998,5.659999999999999,SC,20210201
964,South Carolina,3,2021,50.550000000000004,32.86,18.040000000000003,74.80000000000001,51.209999999999994,23.700000000000003,SC,20210301
966,South Carolina,4,2021,82.76,50.849999999999994,33.3,157.56,102.05999999999999,57.0,SC,20210401
968,South Carolina,5,2021,106.15999999999998,59.83,48.11,263.71999999999997,161.89,105.11,SC,20210501
970,South Carolina,6,2021,119.35,65.66000000000001,55.899999999999984,383.06999999999994,227.55,161.01,SC,20210601
972,South Carolina,7,2021,128.96,70.11,61.41,512.03,297.66,222.42,SC,20210701
974,South Carolina,8,2021,142.57,78.62000000000002,66.75,654.5999999999999,376.28000000000003,289.16999999999996,SC,20210801
975,South Carolina,9,2021,141.78,77.51,65.59,796.3799999999999,453.79,354.76,SC,20210901
976,South Carolina,10,2021,159.61999999999998,84.32999999999998,72.91999999999999,955.9999999999999,538.12,427.67999999999995,SC,20211001
977,South Carolina,11,2021,148.79,75.71999999999998,65.25000000000001,1104.79,613.84,492.92999999999995,SC,20211101
978,South Carolina,12,2021,174.66000000000003,85.62,72.80000000000001,1279.45,699.46,565.73,SC,20211201
961,South Carolina,1,2022,180.8,86.39999999999998,72.50999999999999,1460.25,785.86,638.24,SC,20220101
963,South Carolina,2,2022,165.07999999999998,78.30000000000001,65.61,1625.33,864.1600000000001,703.85,SC,20220201
965,South Carolina,3,2022,227.42000000000013,106.81000000000003,89.87999999999995,1852.75,970.9700000000001,793.73,SC,20220301
967,South Carolina,4,2022,199.40999999999988,93.43999999999997,78.69000000000001,2052.16,1064.41,872.4200000000001,SC,20220401
969,South Carolina,5,2022,204.45999999999992,94.20000000000002,79.46000000000002,2256.62,1158.6100000000001,951.8800000000001,SC,20220501
971,South Carolina,6,2022,138.51,63.16999999999999,53.300000000000004,2395.13,1221.7800000000002,1005.1800000000001,SC,20220601
973,South Carolina,7,2022,7.76,3.53,2.97,2402.8900000000003,1225.3100000000002,1008.1500000000001,SC,20220701
979,South Dakota,1,2021,1.28,0.9800000000000001,0.27999999999999997,1.28,0.9800000000000001,0.27999999999999997,SD,20210101
981,South Dakota,2,2021,4.8,3.2600000000000007,1.5100000000000005,6.08,4.240000000000001,1.7900000000000005,SD,20210201
983,South Dakota,3,2021,11.88,7.599999999999999,4.44,17.96,11.84,6.23,SD,20210301
985,South Dakota,4,2021,18.350000000000005,10.950000000000003,7.8999999999999995,36.31,22.790000000000003,14.129999999999999,SD,20210401
987,South Dakota,5,2021,22.330000000000002,12.299999999999999,10.729999999999999,58.64,35.09,24.86,SD,20210501
989,South Dakota,6,2021,23.169999999999998,12.689999999999998,11.29,81.81,47.78,36.15,SD,20210601
991,South Dakota,7,2021,25.040000000000006,13.670000000000012,12.250000000000002,106.85000000000001,61.45000000000002,48.4,SD,20210701
993,South Dakota,8,2021,27.11999999999999,14.960000000000004,13.159999999999997,133.97,76.41000000000003,61.559999999999995,SD,20210801
994,South Dakota,9,2021,26.080000000000002,14.339999999999993,12.52,160.05,90.75000000000001,74.08,SD,20210901
995,South Dakota,10,2021,15.919999999999996,8.620000000000001,7.38,175.97,99.37000000000002,81.46,SD,20211001
996,South Dakota,11,2021,27.200000000000003,14.180000000000003,11.860000000000001,203.17000000000002,113.55000000000003,93.32,SD,20211101
997,South Dakota,12,2021,32.669999999999995,16.509999999999994,13.370000000000001,235.84,130.06000000000003,106.69,SD,20211201
980,South Dakota,1,2022,33.809999999999995,16.72,13.389999999999993,269.65,146.78000000000003,120.07999999999998,SD,20220101
982,South Dakota,2,2022,33.52000000000001,16.48,13.149999999999995,303.16999999999996,163.26000000000002,133.23,SD,20220201
984,South Dakota,3,2022,42.319999999999986,20.68000000000001,16.449999999999992,345.48999999999995,183.94000000000003,149.67999999999998,SD,20220301
986,South Dakota,4,2022,37.57999999999999,18.16,14.579999999999991,383.06999999999994,202.10000000000002,164.25999999999996,SD,20220401
988,South Dakota,5,2022,38.56999999999999,18.359999999999996,14.780000000000008,421.63999999999993,220.46,179.03999999999996,SD,20220501
990,South Dakota,6,2022,26.15,12.289999999999996,9.9,447.7899999999999,232.75,188.93999999999997,SD,20220601
992,South Dakota,7,2022,1.47,0.69,0.55,449.25999999999993,233.44,189.48999999999998,SD,20220701
998,Tennessee,1,2021,7.09,5.470000000000001,1.41,7.09,5.470000000000001,1.41,TN,20210101
1000,Tennessee,2,2021,24.750000000000004,16.779999999999998,7.780000000000001,31.840000000000003,22.25,9.190000000000001,TN,20210201
1002,Tennessee,3,2021,61.72,39.870000000000005,21.27,93.56,62.120000000000005,30.46,TN,20210301
1004,Tennessee,4,2021,102.18,62.91,39.580000000000005,195.74,125.03,70.04,TN,20210401
1006,Tennessee,5,2021,134.92000000000002,75.55,59.31,330.66,200.57999999999998,129.35000000000002,TN,20210501
1008,Tennessee,6,2021,151.87,82.82999999999998,68.86,482.53000000000003,283.40999999999997,198.21000000000004,TN,20210601
1010,Tennessee,7,2021,167.55999999999997,88.8,78.18,650.09,372.21,276.39000000000004,TN,20210701
1012,Tennessee,8,2021,186.57999999999998,99.89,85.25999999999999,836.6700000000001,472.09999999999997,361.65000000000003,TN,20210801
1013,Tennessee,9,2021,185.48,98.39999999999996,83.71999999999996,1022.1500000000001,570.4999999999999,445.37,TN,20210901
1014,Tennessee,10,2021,208.22,106.37999999999998,92.55,1230.3700000000001,676.8799999999999,537.92,TN,20211001
1015,Tennessee,11,2021,195.16000000000008,94.87,83.11000000000001,1425.5300000000002,771.7499999999999,621.03,TN,20211101
1016,Tennessee,12,2021,231.12999999999994,106.63000000000001,93.13999999999999,1656.66,878.3799999999999,714.17,TN,20211201
999,Tennessee,1,2022,238.79000000000008,106.3,92.60999999999997,1895.4500000000003,984.6799999999998,806.78,TN,20220101
1001,Tennessee,2,2022,236.59000000000003,104.15,90.74000000000002,2132.0400000000004,1088.83,897.52,TN,20220201
1003,Tennessee,3,2022,299.5299999999999,130.32999999999996,113.97000000000006,2431.57,1219.1599999999999,1011.49,TN,20220301
1005,Tennessee,4,2022,265.54999999999995,114.23999999999998,100.08,2697.12,1333.3999999999999,1111.57,TN,20220401
1007,Tennessee,5,2022,270.84999999999997,114.87000000000006,100.74999999999993,2967.97,1448.27,1212.32,TN,20220501
1009,Tennessee,6,2022,172.84,72.59999999999997,63.690000000000005,3140.81,1520.87,1276.01,TN,20220601
1011,Tennessee,7,2022,10.24,4.29,3.75,3151.0499999999997,1525.1599999999999,1279.76,TN,20220701
1017,Texas,1,2021,28.4,23.95,4.300000000000001,28.4,23.95,4.300000000000001,TX,20210101
1019,Texas,2,2021,98.57,70.42,27.23,126.97,94.37,31.53,TX,20210201
1021,Texas,3,2021,258.03,165.9,86.27000000000001,385.0,260.27,117.80000000000001,TX,20210301
1023,Texas,4,2021,471.9,289.28000000000003,182.29000000000002,856.9,549.55,300.09000000000003,TX,20210401
1025,Texas,5,2021,631.6200000000001,357.3299999999999,276.53999999999996,1488.52,906.8799999999999,576.63,TX,20210501
1027,Texas,6,2021,732.82,403.63,334.51,2221.34,1310.5099999999998,911.14,TX,20210601
1029,Texas,7,2021,796.15,432.53000000000003,370.75999999999993,3017.4900000000002,1743.0399999999997,1281.8999999999999,TX,20210701
1031,Texas,8,2021,891.82,490.87999999999994,408.82,3909.3100000000004,2233.9199999999996,1690.7199999999998,TX,20210801
1032,Texas,9,2021,687.3399999999999,373.08000000000004,314.28,4596.650000000001,2606.9999999999995,2004.9999999999998,TX,20210901
1033,Texas,10,2021,970.14,509.13,440.59000000000003,5566.790000000001,3116.1299999999997,2445.5899999999997,TX,20211001
1034,Texas,11,2021,895.4000000000001,452.80999999999995,391.53,6462.1900000000005,3568.9399999999996,2837.12,TX,20211101
1035,Texas,12,2021,1052.3400000000001,512.4699999999998,438.14,7514.530000000001,4081.4099999999994,3275.2599999999998,TX,20211201
1018,Texas,1,2022,1096.1200000000001,516.72,437.4499999999999,8610.650000000001,4598.129999999999,3712.7099999999996,TX,20220101
1020,Texas,2,2022,1094.0900000000001,509.99999999999994,431.2000000000001,9704.740000000002,5108.129999999999,4143.91,TX,20220201
1022,Texas,3,2022,1300.9900000000002,602.4899999999999,508.46000000000004,11005.730000000001,5710.619999999999,4652.37,TX,20220301
1024,Texas,4,2022,1238.8200000000002,568.6200000000001,478.52000000000004,12244.550000000001,6279.239999999999,5130.89,TX,20220401
1026,Texas,5,2022,1272.8700000000001,574.98,482.8,13517.420000000002,6854.219999999999,5613.6900000000005,TX,20220501
1028,Texas,6,2022,860.6199999999999,386.08,323.80000000000007,14378.04,7240.299999999999,5937.490000000001,TX,20220601
1030,Texas,7,2022,48.3,21.6,18.08,14426.34,7261.9,5955.570000000001,TX,20220701
1056,Utah,1,2021,3.3700000000000006,2.89,0.39999999999999997,3.3700000000000006,2.89,0.39999999999999997,UT,20210101
1058,Utah,2,2021,13.409999999999997,8.25,3.0900000000000003,16.779999999999998,11.14,3.49,UT,20210201
1060,Utah,3,2021,31.660000000000004,18.970000000000002,8.509999999999996,48.44,30.110000000000003,11.999999999999996,UT,20210301
1062,Utah,4,2021,53.52999999999999,32.459999999999994,17.34,101.96999999999998,62.56999999999999,29.339999999999996,UT,20210401
1064,Utah,5,2021,71.49000000000001,40.78999999999999,27.650000000000002,173.45999999999998,103.35999999999999,56.989999999999995,UT,20210501
1066,Utah,6,2021,81.49,45.13,33.61999999999999,254.95,148.48999999999998,90.60999999999999,UT,20210601
1068,Utah,7,2021,87.72999999999996,48.469999999999985,39.980000000000004,342.67999999999995,196.95999999999998,130.58999999999997,UT,20210701
1070,Utah,8,2021,87.39000000000001,48.72999999999999,41.48000000000001,430.06999999999994,245.68999999999997,172.07,UT,20210801
1071,Utah,9,2021,93.64,51.91000000000001,44.17999999999999,523.7099999999999,297.59999999999997,216.25,UT,20210901
1072,Utah,10,2021,103.59,55.94000000000002,48.63000000000002,627.3,353.53999999999996,264.88,UT,20211001
1073,Utah,11,2021,96.72999999999998,50.039999999999985,43.730000000000025,724.03,403.5799999999999,308.61,UT,20211101
1074,Utah,12,2021,116.32999999999997,57.16000000000001,49.56999999999999,840.3599999999999,460.73999999999995,358.18,UT,20211201
1057,Utah,1,2022,116.84000000000003,54.98999999999999,47.94999999999999,957.1999999999999,515.7299999999999,406.13,UT,20220101
1059,Utah,2,2022,124.14000000000003,56.660000000000004,49.930000000000014,1081.34,572.3899999999999,456.06,UT,20220201
1061,Utah,3,2022,157.91,70.93999999999998,63.099999999999994,1239.25,643.3299999999998,519.16,UT,20220301
1063,Utah,4,2022,139.51999999999998,62.22000000000003,55.470000000000034,1378.77,705.5499999999998,574.63,UT,20220401
1065,Utah,5,2022,141.57999999999998,62.550000000000004,55.800000000000004,1520.35,768.0999999999998,630.43,UT,20220501
1067,Utah,6,2022,90.00000000000001,39.44,35.19,1610.35,807.5399999999997,665.6199999999999,UT,20220601
1069,Utah,7,2022,5.36,2.33,2.08,1615.7099999999998,809.8699999999998,667.6999999999999,UT,20220701
1075,Vermont,1,2021,0.8000000000000003,0.6,0.14999999999999997,0.8000000000000003,0.6,0.14999999999999997,VT,20210101
1077,Vermont,2,2021,3.0100000000000007,2.050000000000001,0.9600000000000004,3.810000000000001,2.6500000000000012,1.1100000000000003,VT,20210201
1079,Vermont,3,2021,7.54,4.860000000000001,2.5800000000000005,11.350000000000001,7.5100000000000025,3.690000000000001,VT,20210301
1081,Vermont,4,2021,13.120000000000001,8.11,5.220000000000001,24.470000000000002,15.620000000000001,8.910000000000002,VT,20210401
1083,Vermont,5,2021,18.0,10.7,7.749999999999999,42.47,26.32,16.66,VT,20210501
1085,Vermont,6,2021,24.590000000000007,13.570000000000013,11.540000000000003,67.06,39.890000000000015,28.200000000000003,VT,20210601
1087,Vermont,7,2021,3.4099999999999997,1.84,1.64,70.47,41.73000000000002,29.840000000000003,VT,20210701
1089,Vermont,8,2021,17.299999999999997,9.409999999999998,8.4,87.77,51.140000000000015,38.24,VT,20210801
1090,Vermont,9,2021,24.830000000000002,13.440000000000008,12.009999999999996,112.6,64.58000000000003,50.25,VT,20210901
1091,Vermont,10,2021,27.169999999999998,14.250000000000004,12.719999999999999,139.76999999999998,78.83000000000003,62.97,VT,20211001
1092,Vermont,11,2021,26.21,12.789999999999994,11.239999999999997,165.98,91.62000000000002,74.21,VT,20211101
1093,Vermont,12,2021,32.14,14.740000000000009,12.710000000000003,198.12,106.36000000000003,86.92,VT,20211201
1076,Vermont,1,2022,33.74999999999999,14.730000000000006,12.760000000000003,231.87,121.09000000000003,99.68,VT,20220101
1078,Vermont,2,2022,17.32,7.54,6.5,249.19,128.63000000000002,106.18,VT,20220201
1080,Vermont,3,2022,14.949999999999998,6.38,5.5,264.14,135.01000000000002,111.68,VT,20220301
1082,Vermont,4,2022,27.669999999999995,11.6,10.079999999999998,291.81,146.61,121.76,VT,20220401
1084,Vermont,5,2022,38.419999999999995,15.819999999999999,13.769999999999996,330.23,162.43,135.53,VT,20220501
1086,Vermont,6,2022,26.089999999999996,10.62,9.179999999999998,356.32,173.05,144.71,VT,20220601
1088,Vermont,7,2022,1.47,0.59,0.51,357.79,173.64000000000001,145.22,VT,20220701
1132,Virginia,1,2021,7.89,6.359999999999999,0.9299999999999999,7.89,6.359999999999999,0.9299999999999999,VA,20210101
1134,Virginia,2,2021,38.03999999999999,27.640000000000004,9.700000000000001,45.92999999999999,34.0,10.63,VA,20210201
1136,Virginia,3,2021,93.32000000000005,60.76000000000001,33.720000000000006,139.25000000000006,94.76000000000002,44.35000000000001,VA,20210301
1138,Virginia,4,2021,162.66,103.29,64.03,301.9100000000001,198.05,108.38000000000001,VA,20210401
1140,Virginia,5,2021,227.39000000000001,131.33,101.74000000000001,529.3000000000001,329.38,210.12,VA,20210501
1142,Virginia,6,2021,265.11,146.95,124.80000000000001,794.4100000000001,476.33,334.92,VA,20210601
1144,Virginia,7,2021,284.08,154.59,136.57,1078.49,630.92,471.49,VA,20210701
1146,Virginia,8,2021,298.57,162.84,142.85999999999999,1377.06,793.76,614.35,VA,20210801
1147,Virginia,9,2021,285.59,154.46,135.97,1662.6499999999999,948.22,750.32,VA,20210901
1148,Virginia,10,2021,328.25000000000006,172.82000000000005,153.37999999999997,1990.8999999999999,1121.04,903.7,VA,20211001
1149,Virginia,11,2021,310.14,156.06999999999996,136.56,2301.04,1277.11,1040.26,VA,20211101
1150,Virginia,12,2021,372.90000000000003,178.23999999999998,153.86,2673.94,1455.35,1194.12,VA,20211201
1133,Virginia,1,2022,390.35,180.78000000000003,154.18,3064.29,1636.1299999999999,1348.3,VA,20220101
1135,Virginia,2,2022,389.97999999999996,179.07999999999998,152.24999999999997,3454.27,1815.2099999999998,1500.55,VA,20220201
1137,Virginia,3,2022,495.57,224.31000000000003,191.34000000000003,3949.84,2039.5199999999998,1691.8899999999999,VA,20220301
1139,Virginia,4,2022,439.5,196.64000000000007,167.93000000000006,4389.34,2236.16,1859.82,VA,20220401
1141,Virginia,5,2022,449.34999999999997,198.04,169.21999999999997,4838.6900000000005,2434.2,2029.04,VA,20220501
1143,Virginia,6,2022,185.67999999999998,81.06,69.25999999999999,5024.370000000001,2515.2599999999998,2098.3,VA,20220601
1145,Virginia,7,2022,17.02,7.42,6.31,5041.390000000001,2522.68,2104.61,VA,20220701
1151,Washington,1,2021,7.24,5.960000000000001,1.0799999999999998,7.24,5.960000000000001,1.0799999999999998,WA,20210101
1153,Washington,2,2021,31.900000000000002,23.27,8.28,39.14,29.23,9.36,WA,20210201
1155,Washington,3,2021,82.81000000000002,53.129999999999995,30.21,121.95000000000002,82.36,39.57,WA,20210301
1157,Washington,4,2021,142.78000000000003,88.33999999999999,58.19999999999999,264.73,170.7,97.76999999999998,WA,20210401
1159,Washington,5,2021,202.92999999999995,118.07000000000002,90.36000000000001,467.65999999999997,288.77,188.13,WA,20210501
1161,Washington,6,2021,244.30000000000007,135.18,116.38000000000002,711.96,423.95,304.51,WA,20210601
1163,Washington,7,2021,255.71999999999997,138.49000000000004,124.40999999999998,967.6800000000001,562.44,428.91999999999996,WA,20210701
1165,Washington,8,2021,201.55,109.33000000000001,97.97,1169.23,671.7700000000001,526.89,WA,20210801
1166,Washington,9,2021,76.11999999999999,40.78,36.85,1245.35,712.5500000000001,563.74,WA,20210901
1167,Washington,10,2021,288.99000000000007,150.99999999999997,137.80000000000004,1534.34,863.5500000000001,701.5400000000001,WA,20211001
1168,Washington,11,2021,270.45000000000005,134.83,122.29,1804.79,998.3800000000001,823.83,WA,20211101
1169,Washington,12,2021,323.85999999999996,152.76,137.13000000000002,2128.65,1151.14,960.96,WA,20211201
1152,Washington,1,2022,339.69,153.18,136.75999999999996,2468.34,1304.3200000000002,1097.72,WA,20220101
1154,Washington,2,2022,341.04999999999995,150.92,134.57000000000002,2809.3900000000003,1455.2400000000002,1232.29,WA,20220201
1156,Washington,3,2022,432.76,188.9800000000001,169.46999999999994,3242.1500000000005,1644.2200000000003,1401.76,WA,20220301
1158,Washington,4,2022,384.65999999999997,165.57999999999996,148.69000000000005,3626.8100000000004,1809.8000000000002,1550.45,WA,20220401
1160,Washington,5,2022,394.48,166.43999999999997,149.5600000000001,4021.2900000000004,1976.2400000000002,1700.0100000000002,WA,20220501
1162,Washington,6,2022,103.88000000000001,43.33,38.9,4125.17,2019.5700000000002,1738.9100000000003,WA,20220601
1164,Washington,7,2022,15.05,6.23,5.56,4140.22,2025.8000000000002,1744.4700000000003,WA,20220701
1170,West Virginia,1,2021,3.1099999999999994,2.3099999999999996,0.6000000000000001,3.1099999999999994,2.3099999999999996,0.6000000000000001,WV,20210101
1172,West Virginia,2,2021,9.52,6.14,3.2800000000000002,12.629999999999999,8.45,3.8800000000000003,WV,20210201
1174,West Virginia,3,2021,21.65,13.23,8.26,34.28,21.68,12.14,WV,20210301
1176,West Virginia,4,2021,31.5,18.169999999999998,13.599999999999998,65.78,39.849999999999994,25.74,WV,20210401
1178,West Virginia,5,2021,37.41000000000001,20.429999999999996,17.509999999999998,103.19000000000001,60.27999999999999,43.25,WV,20210501
1180,West Virginia,6,2021,41.029999999999994,22.680000000000003,19.19000000000001,144.22,82.96,62.44000000000001,WV,20210601
1182,West Virginia,7,2021,44.12,24.420000000000005,20.739999999999988,188.34,107.38,83.18,WV,20210701
1184,West Virginia,8,2021,46.45999999999998,25.86,21.840000000000007,234.79999999999998,133.24,105.02000000000001,WV,20210801
1185,West Virginia,9,2021,42.879999999999995,23.92999999999999,20.08,277.67999999999995,157.17,125.10000000000001,WV,20210901
1186,West Virginia,10,2021,45.73000000000002,25.27999999999999,21.19,323.40999999999997,182.45,146.29000000000002,WV,20211001
1187,West Virginia,11,2021,40.91,22.90000000000001,18.499999999999996,364.31999999999994,205.35,164.79000000000002,WV,20211101
1188,West Virginia,12,2021,14.070000000000002,6.510000000000002,5.66,378.38999999999993,211.85999999999999,170.45000000000002,WV,20211201
1171,West Virginia,1,2022,66.43,29.32,25.950000000000006,444.81999999999994,241.17999999999998,196.40000000000003,WV,20220101
1173,West Virginia,2,2022,65.35,28.639999999999986,25.32,510.16999999999996,269.81999999999994,221.72000000000003,WV,20220201
1175,West Virginia,3,2022,82.12999999999997,35.789999999999985,31.61999999999999,592.3,305.6099999999999,253.34000000000003,WV,20220301
1177,West Virginia,4,2022,72.67000000000002,31.32,27.800000000000008,664.97,336.9299999999999,281.14000000000004,WV,20220401
1179,West Virginia,5,2022,74.15,31.560000000000024,27.89999999999999,739.12,368.4899999999999,309.04,WV,20220501
1181,West Virginia,6,2022,50.03,21.07,18.71999999999999,789.15,389.5599999999999,327.76,WV,20220601
1183,West Virginia,7,2022,2.8,1.18,1.04,791.9499999999999,390.7399999999999,328.8,WV,20220701
1189,Wisconsin,1,2021,4.819999999999999,4.1,0.68,4.819999999999999,4.1,0.68,WI,20210101
1191,Wisconsin,2,2021,25.96,18.99,6.709999999999999,30.78,23.089999999999996,7.389999999999999,WI,20210201
1193,Wisconsin,3,2021,67.24000000000001,42.93,24.349999999999994,98.02000000000001,66.02,31.739999999999995,WI,20210301
1195,Wisconsin,4,2021,115.77,70.35,47.529999999999994,213.79000000000002,136.37,79.26999999999998,WI,20210401
1197,Wisconsin,5,2021,153.35999999999999,84.35,71.25,367.15,220.72,150.51999999999998,WI,20210501
1199,Wisconsin,6,2021,170.86000000000004,91.68,81.95999999999998,538.01,312.4,232.47999999999996,WI,20210601
1201,Wisconsin,7,2021,181.48999999999995,95.43999999999998,88.96,719.5,407.84,321.43999999999994,WI,20210701
1203,Wisconsin,8,2021,195.47999999999996,103.18,95.22999999999999,914.98,511.02,416.66999999999996,WI,20210801
1204,Wisconsin,9,2021,186.05999999999997,97.86000000000001,90.24000000000001,1101.04,608.88,506.90999999999997,WI,20210901
1205,Wisconsin,10,2021,205.14000000000004,104.50000000000001,97.11999999999999,1306.18,713.38,604.03,WI,20211001
1206,Wisconsin,11,2021,194.09,93.28,85.75,1500.27,806.66,689.78,WI,20211101
1207,Wisconsin,12,2021,234.61,105.43,95.77999999999999,1734.88,912.0899999999999,785.56,WI,20211201
1190,Wisconsin,1,2022,245.82000000000005,105.25,95.23,1980.7000000000003,1017.3399999999999,880.79,WI,20220101
1192,Wisconsin,2,2022,244.39,102.97999999999995,93.36000000000001,2225.09,1120.32,974.15,WI,20220201
1194,Wisconsin,3,2022,307.85000000000014,128.65,117.12000000000006,2532.9400000000005,1248.97,1091.27,WI,20220301
1196,Wisconsin,4,2022,272.9599999999999,112.59000000000006,102.69,2805.9000000000005,1361.5600000000002,1193.96,WI,20220401
1198,Wisconsin,5,2022,280.11,113.12999999999998,103.28999999999998,3086.0100000000007,1474.69,1297.25,WI,20220501
1200,Wisconsin,6,2022,190.06,75.69,69.14000000000001,3276.0700000000006,1550.38,1366.39,WI,20220601
1202,Wisconsin,7,2022,10.68,4.22,3.85,3286.7500000000005,1554.6000000000001,1370.24,WI,20220701
1208,Wyoming,1,2021,0.5999999999999999,0.5299999999999999,0.05,0.5999999999999999,0.5299999999999999,0.05,WY,20210101
1210,Wyoming,2,2021,2.7600000000000002,1.9600000000000013,0.7500000000000001,3.3600000000000003,2.490000000000001,0.8000000000000002,WY,20210201
1212,Wyoming,3,2021,6.49,3.9699999999999993,2.480000000000001,9.850000000000001,6.460000000000001,3.280000000000001,WY,20210301
1214,Wyoming,4,2021,9.47,5.440000000000002,4.080000000000001,19.32,11.900000000000002,7.360000000000002,WY,20210401
1216,Wyoming,5,2021,11.330000000000004,6.130000000000001,5.22,30.650000000000006,18.03,12.580000000000002,WY,20210501
1218,Wyoming,6,2021,12.27,6.650000000000003,5.78,42.92,24.680000000000003,18.360000000000003,WY,20210601
1220,Wyoming,7,2021,11.789999999999997,6.3400000000000025,5.609999999999999,54.71,31.020000000000007,23.970000000000002,WY,20210701
1222,Wyoming,8,2021,14.29000000000001,7.799999999999997,6.719999999999999,69.00000000000001,38.82000000000001,30.69,WY,20210801
1223,Wyoming,9,2021,14.099999999999996,7.660000000000003,6.560000000000002,83.10000000000001,46.48000000000001,37.25,WY,20210901
1224,Wyoming,10,2021,15.850000000000009,8.33,7.17,98.95000000000002,54.81000000000001,44.42,WY,20211001
1225,Wyoming,11,2021,15.059999999999993,7.569999999999995,6.489999999999997,114.01,62.38,50.91,WY,20211101
1226,Wyoming,12,2021,17.830000000000002,8.570000000000002,7.279999999999997,131.84,70.95,58.18999999999999,WY,20211201
1209,Wyoming,1,2022,17.580000000000002,8.23,7.120000000000002,149.42000000000002,79.18,65.30999999999999,WY,20220101
1211,Wyoming,2,2022,18.090000000000003,8.3,7.25,167.51000000000002,87.48,72.55999999999999,WY,20220201
1213,Wyoming,3,2022,2.92,1.36,1.16,170.43,88.84,73.71999999999998,WY,20220301
1215,Wyoming,4,2022,0.0,0.0,0.0,170.43,88.84,73.71999999999998,WY,20220401
1217,Wyoming,5,2022,13.5,6.119999999999998,5.379999999999998,183.93,94.96000000000001,79.09999999999998,WY,20220501
1219,Wyoming,6,2022,13.659999999999997,6.119999999999998,5.399999999999999,197.59,101.08000000000001,84.49999999999997,WY,20220601
1221,Wyoming,7,2022,0.76,0.34,0.3,198.35,101.42000000000002,84.79999999999997,WY,20220701
